Date,Ret1,Ret2,Ret3,Ret4
2003-02-26,8018.109863,7858.240234,7909.5,7806.97998
2003-02-27,7858.240234,7909.5,7806.97998,7884.990234
2003-02-28,7909.5,7806.97998,7884.990234,7891.080078
2003-03-03,7806.97998,7884.990234,7891.080078,7837.859863
2003-03-04,7884.990234,7891.080078,7837.859863,7704.870117
2003-03-05,7891.080078,7837.859863,7704.870117,7775.600098
2003-03-06,7837.859863,7704.870117,7775.600098,7673.990234
2003-03-07,7704.870117,7775.600098,7673.990234,7740.029785
2003-03-10,7775.600098,7673.990234,7740.029785,7568.180176
2003-03-11,7673.990234,7740.029785,7568.180176,7524.060059
2003-03-12,7740.029785,7568.180176,7524.060059,7552.069824
2003-03-13,7568.180176,7524.060059,7552.069824,7821.75
2003-03-14,7524.060059,7552.069824,7821.75,7859.709961
2003-03-17,7552.069824,7821.75,7859.709961,8141.919922
2003-03-18,7821.75,7859.709961,8141.919922,8194.230469
2003-03-19,7859.709961,8141.919922,8194.230469,8265.450195
2003-03-20,8141.919922,8194.230469,8265.450195,8286.599609
2003-03-21,8194.230469,8265.450195,8286.599609,8521.969727
2003-03-24,8265.450195,8286.599609,8521.969727,8214.679688
2003-03-25,8286.599609,8521.969727,8214.679688,8280.230469
2003-03-26,8521.969727,8214.679688,8280.230469,8229.879883
2003-03-27,8214.679688,8280.230469,8229.879883,8201.450195
2003-03-28,8280.230469,8229.879883,8201.450195,8145.77002
2003-03-31,8229.879883,8201.450195,8145.77002,7992.129883
2003-04-01,8201.450195,8145.77002,7992.129883,8069.859863
2003-04-02,8145.77002,7992.129883,8069.859863,8285.05957
2003-04-03,7992.129883,8069.859863,8285.05957,8240.379883
2003-04-04,8069.859863,8285.05957,8240.379883,8277.150391
2003-04-07,8285.05957,8240.379883,8277.150391,8300.410156
2003-04-08,8240.379883,8277.150391,8300.410156,8298.919922
2003-04-09,8277.150391,8300.410156,8298.919922,8197.94043
2003-04-10,8300.410156,8298.919922,8197.94043,8221.330078
2003-04-11,8298.919922,8197.94043,8221.330078,8203.410156
2003-04-14,8197.94043,8221.330078,8203.410156,8351.099609
2003-04-15,8221.330078,8203.410156,8351.099609,8402.360352
2003-04-16,8203.410156,8351.099609,8402.360352,8257.610352
2003-04-17,8351.099609,8402.360352,8257.610352,8337.650391
2003-04-21,8402.360352,8257.610352,8337.650391,8328.900391
2003-04-22,8257.610352,8337.650391,8328.900391,8484.990234
2003-04-23,8337.650391,8328.900391,8484.990234,8515.660156
2003-04-24,8328.900391,8484.990234,8515.660156,8440.040039
2003-04-25,8484.990234,8515.660156,8440.040039,8306.349609
2003-04-28,8515.660156,8440.040039,8306.349609,8471.610352
2003-04-29,8440.040039,8306.349609,8471.610352,8502.990234
2003-04-30,8306.349609,8471.610352,8502.990234,8480.089844
2003-05-01,8471.610352,8502.990234,8480.089844,8454.25
2003-05-02,8502.990234,8480.089844,8454.25,8582.679688
2003-05-05,8480.089844,8454.25,8582.679688,8531.570313
2003-05-06,8454.25,8582.679688,8531.570313,8588.360352
2003-05-07,8582.679688,8531.570313,8588.360352,8560.629883
2003-05-08,8531.570313,8588.360352,8560.629883,8491.219727
2003-05-09,8588.360352,8560.629883,8491.219727,8604.599609
2003-05-12,8560.629883,8491.219727,8604.599609,8726.730469
2003-05-13,8491.219727,8604.599609,8726.730469,8679.25
2003-05-14,8604.599609,8726.730469,8679.25,8647.820313
2003-05-15,8726.730469,8679.25,8647.820313,8713.139648
2003-05-16,8679.25,8647.820313,8713.139648,8678.969727
2003-05-19,8647.820313,8713.139648,8678.969727,8493.389648
2003-05-20,8713.139648,8678.969727,8493.389648,8491.360352
2003-05-21,8678.969727,8493.389648,8491.360352,8516.429688
2003-05-22,8493.389648,8491.360352,8516.429688,8594.019531
2003-05-23,8491.360352,8516.429688,8594.019531,8601.379883
2003-05-27,8516.429688,8594.019531,8601.379883,8781.349609
2003-05-28,8594.019531,8601.379883,8781.349609,8793.120117
2003-05-29,8601.379883,8781.349609,8793.120117,8711.179688
2003-05-30,8781.349609,8793.120117,8711.179688,8850.259766
2003-06-02,8793.120117,8711.179688,8850.259766,8897.80957
2003-06-03,8711.179688,8850.259766,8897.80957,8922.950195
2003-06-04,8850.259766,8897.80957,8922.950195,9038.980469
2003-06-05,8897.80957,8922.950195,9038.980469,9041.299805
2003-06-06,8922.950195,9038.980469,9041.299805,9062.790039
2003-06-09,9038.980469,9041.299805,9062.790039,8980
2003-06-10,9041.299805,9062.790039,8980,9054.889648
2003-06-11,9062.790039,8980,9054.889648,9183.219727
2003-06-12,8980,9054.889648,9183.219727,9196.549805
2003-06-13,9054.889648,9183.219727,9196.549805,9117.120117
2003-06-16,9183.219727,9196.549805,9117.120117,9318.959961
2003-06-17,9196.549805,9117.120117,9318.959961,9323.019531
2003-06-18,9117.120117,9318.959961,9323.019531,9293.799805
2003-06-19,9318.959961,9323.019531,9293.799805,9179.530273
2003-06-20,9323.019531,9293.799805,9179.530273,9200.75
2003-06-23,9293.799805,9179.530273,9200.75,9072.950195
2003-06-24,9179.530273,9200.75,9072.950195,9109.849609
2003-06-25,9200.75,9072.950195,9109.849609,9011.530273
2003-06-26,9072.950195,9109.849609,9011.530273,9079.040039
2003-06-27,9109.849609,9011.530273,9079.040039,8989.049805
2003-06-30,9011.530273,9079.040039,8989.049805,8985.44043
2003-07-01,9079.040039,8989.049805,8985.44043,9040.950195
2003-07-02,8989.049805,8985.44043,9040.950195,9142.839844
2003-07-03,8985.44043,9040.950195,9142.839844,9070.209961
2003-07-07,9040.950195,9142.839844,9070.209961,9216.790039
2003-07-08,9142.839844,9070.209961,9216.790039,9223.089844
2003-07-09,9070.209961,9216.790039,9223.089844,9156.209961
2003-07-10,9216.790039,9223.089844,9156.209961,9036.040039
2003-07-11,9223.089844,9156.209961,9036.040039,9119.589844
2003-07-14,9156.209961,9036.040039,9119.589844,9177.150391
2003-07-15,9036.040039,9119.589844,9177.150391,9128.969727
2003-07-16,9119.589844,9177.150391,9128.969727,9094.589844
2003-07-17,9177.150391,9128.969727,9094.589844,9050.820313
2003-07-18,9128.969727,9094.589844,9050.820313,9188.150391
2003-07-21,9094.589844,9050.820313,9188.150391,9096.69043
2003-07-22,9050.820313,9188.150391,9096.69043,9158.450195
2003-07-23,9188.150391,9096.69043,9158.450195,9194.240234
2003-07-24,9096.69043,9158.450195,9194.240234,9112.509766
2003-07-25,9158.450195,9194.240234,9112.509766,9284.570313
2003-07-28,9194.240234,9112.509766,9284.570313,9266.509766
2003-07-29,9112.509766,9284.570313,9266.509766,9204.459961
2003-07-30,9284.570313,9266.509766,9204.459961,9200.049805
2003-07-31,9266.509766,9204.459961,9200.049805,9233.799805
2003-08-01,9204.459961,9200.049805,9233.799805,9153.969727
2003-08-04,9200.049805,9233.799805,9153.969727,9186.040039
2003-08-05,9233.799805,9153.969727,9186.040039,9036.320313
2003-08-06,9153.969727,9186.040039,9036.320313,9061.740234
2003-08-07,9186.040039,9036.320313,9061.740234,9126.450195
2003-08-08,9036.320313,9061.740234,9126.450195,9191.089844
2003-08-11,9061.740234,9126.450195,9191.089844,9217.349609
2003-08-12,9126.450195,9191.089844,9217.349609,9310.05957
2003-08-13,9191.089844,9217.349609,9310.05957,9271.759766
2003-08-14,9217.349609,9310.05957,9271.759766,9310.55957
2003-08-15,9310.05957,9271.759766,9310.55957,9321.69043
2003-08-18,9271.759766,9310.55957,9321.69043,9412.450195
2003-08-19,9310.55957,9321.69043,9412.450195,9428.900391
2003-08-20,9321.69043,9412.450195,9428.900391,9397.509766
2003-08-21,9412.450195,9428.900391,9397.509766,9423.679688
2003-08-22,9428.900391,9397.509766,9423.679688,9348.870117
2003-08-25,9397.509766,9423.679688,9348.870117,9317.639648
2003-08-26,9423.679688,9348.870117,9317.639648,9340.450195
2003-08-27,9348.870117,9317.639648,9340.450195,9333.790039
2003-08-28,9317.639648,9340.450195,9333.790039,9374.209961
2003-08-29,9340.450195,9333.790039,9374.209961,9415.820313
2003-09-02,9333.790039,9374.209961,9415.820313,9523.269531
2003-09-03,9374.209961,9415.820313,9523.269531,9568.459961
2003-09-04,9415.820313,9523.269531,9568.459961,9587.900391
2003-09-05,9523.269531,9568.459961,9587.900391,9503.339844
2003-09-08,9568.459961,9587.900391,9503.339844,9586.290039
2003-09-09,9587.900391,9503.339844,9586.290039,9507.200195
2003-09-10,9503.339844,9586.290039,9507.200195,9420.459961
2003-09-11,9586.290039,9507.200195,9420.459961,9459.759766
2003-09-12,9507.200195,9420.459961,9459.759766,9471.549805
2003-09-15,9420.459961,9459.759766,9471.549805,9448.80957
2003-09-16,9459.759766,9471.549805,9448.80957,9567.339844
2003-09-17,9471.549805,9448.80957,9567.339844,9545.650391
2003-09-18,9448.80957,9567.339844,9545.650391,9659.129883
2003-09-19,9567.339844,9545.650391,9659.129883,9644.820313
2003-09-22,9545.650391,9659.129883,9644.820313,9535.410156
2003-09-23,9659.129883,9644.820313,9535.410156,9576.040039
2003-09-24,9644.820313,9535.410156,9576.040039,9425.509766
2003-09-25,9535.410156,9576.040039,9425.509766,9343.959961
2003-09-26,9576.040039,9425.509766,9343.959961,9313.080078
2003-09-29,9425.509766,9343.959961,9313.080078,9380.240234
2003-09-30,9343.959961,9313.080078,9380.240234,9275.05957
2003-10-01,9313.080078,9380.240234,9275.05957,9469.200195
2003-10-02,9380.240234,9275.05957,9469.200195,9487.799805
2003-10-03,9275.05957,9469.200195,9487.799805,9572.30957
2003-10-06,9469.200195,9487.799805,9572.30957,9594.980469
2003-10-07,9487.799805,9572.30957,9594.980469,9654.610352
2003-10-08,9572.30957,9594.980469,9654.610352,9630.900391
2003-10-09,9594.980469,9654.610352,9630.900391,9680.009766
2003-10-10,9654.610352,9630.900391,9680.009766,9674.679688
2003-10-13,9630.900391,9680.009766,9674.679688,9764.379883
2003-10-14,9680.009766,9674.679688,9764.379883,9812.980469
2003-10-15,9674.679688,9764.379883,9812.980469,9803.049805
2003-10-16,9764.379883,9812.980469,9803.049805,9791.719727
2003-10-17,9812.980469,9803.049805,9791.719727,9721.790039
2003-10-20,9803.049805,9791.719727,9721.790039,9777.94043
2003-10-21,9791.719727,9721.790039,9777.94043,9747.639648
2003-10-22,9721.790039,9777.94043,9747.639648,9598.240234
2003-10-23,9777.94043,9747.639648,9598.240234,9613.129883
2003-10-24,9747.639648,9598.240234,9613.129883,9582.459961
2003-10-27,9598.240234,9613.129883,9582.459961,9608.160156
2003-10-28,9613.129883,9582.459961,9608.160156,9748.30957
2003-10-29,9582.459961,9608.160156,9748.30957,9774.530273
2003-10-30,9608.160156,9748.30957,9774.530273,9786.610352
2003-10-31,9748.30957,9774.530273,9786.610352,9801.120117
2003-11-03,9774.530273,9786.610352,9801.120117,9858.459961
2003-11-04,9786.610352,9801.120117,9858.459961,9838.830078
2003-11-05,9801.120117,9858.459961,9838.830078,9820.830078
2003-11-06,9858.459961,9838.830078,9820.830078,9856.969727
2003-11-07,9838.830078,9820.830078,9856.969727,9809.790039
2003-11-10,9820.830078,9856.969727,9809.790039,9756.530273
2003-11-11,9856.969727,9809.790039,9756.530273,9737.790039
2003-11-12,9809.790039,9756.530273,9737.790039,9848.830078
2003-11-13,9756.530273,9737.790039,9848.830078,9837.94043
2003-11-14,9737.790039,9848.830078,9837.94043,9768.679688
2003-11-17,9848.830078,9837.94043,9768.679688,9710.830078
2003-11-18,9837.94043,9768.679688,9710.830078,9624.160156
2003-11-19,9768.679688,9710.830078,9624.160156,9690.459961
2003-11-20,9710.830078,9624.160156,9690.459961,9619.419922
2003-11-21,9624.160156,9690.459961,9619.419922,9628.530273
2003-11-24,9690.459961,9619.419922,9628.530273,9747.790039
2003-11-25,9619.419922,9628.530273,9747.790039,9763.94043
2003-11-26,9628.530273,9747.790039,9763.94043,9779.570313
2003-11-28,9747.790039,9763.94043,9779.570313,9782.459961
2003-12-01,9763.94043,9779.570313,9782.459961,9899.049805
2003-12-02,9779.570313,9782.459961,9899.049805,9853.639648
2003-12-03,9782.459961,9899.049805,9853.639648,9873.419922
2003-12-04,9899.049805,9853.639648,9873.419922,9930.820313
2003-12-05,9853.639648,9873.419922,9930.820313,9862.679688
2003-12-08,9873.419922,9930.820313,9862.679688,9965.269531
2003-12-09,9930.820313,9862.679688,9965.269531,9923.419922
2003-12-10,9862.679688,9965.269531,9923.419922,9921.860352
2003-12-11,9965.269531,9923.419922,9921.860352,10008.160156
2003-12-12,9923.419922,9921.860352,10008.160156,10042.160156
2003-12-15,9921.860352,10008.160156,10042.160156,10022.820313
2003-12-16,10008.160156,10042.160156,10022.820313,10129.55957
2003-12-17,10042.160156,10022.820313,10129.55957,10145.259766
2003-12-18,10022.820313,10129.55957,10145.259766,10248.080078
2003-12-19,10129.55957,10145.259766,10248.080078,10278.219727
2003-12-22,10145.259766,10248.080078,10278.219727,10338
2003-12-23,10248.080078,10278.219727,10338,10341.259766
2003-12-24,10278.219727,10338,10341.259766,10305.19043
2003-12-26,10338,10341.259766,10305.19043,10324.669922
2003-12-29,10341.259766,10305.19043,10324.669922,10450
2003-12-30,10305.19043,10324.669922,10450,10425.040039
2003-12-31,10324.669922,10450,10425.040039,10453.919922
2004-01-02,10450,10425.040039,10453.919922,10409.849609
2004-01-05,10425.040039,10453.919922,10409.849609,10544.070313
2004-01-06,10453.919922,10409.849609,10544.070313,10538.660156
2004-01-07,10409.849609,10544.070313,10538.660156,10529.030273
2004-01-08,10544.070313,10538.660156,10529.030273,10592.44043
2004-01-09,10538.660156,10529.030273,10592.44043,10458.889648
2004-01-12,10529.030273,10592.44043,10458.889648,10485.179688
2004-01-13,10592.44043,10458.889648,10485.179688,10427.179688
2004-01-14,10458.889648,10485.179688,10427.179688,10538.370117
2004-01-15,10485.179688,10427.179688,10538.370117,10553.849609
2004-01-16,10427.179688,10538.370117,10553.849609,10600.509766
2004-01-20,10538.370117,10553.849609,10600.509766,10528.660156
2004-01-21,10553.849609,10600.509766,10528.660156,10623.620117
2004-01-22,10600.509766,10528.660156,10623.620117,10623.179688
2004-01-23,10528.660156,10623.620117,10623.179688,10568.290039
2004-01-26,10623.620117,10623.179688,10568.290039,10702.509766
2004-01-27,10623.179688,10568.290039,10702.509766,10609.919922
2004-01-28,10568.290039,10702.509766,10609.919922,10468.370117
2004-01-29,10702.509766,10609.919922,10468.370117,10510.290039
2004-01-30,10609.919922,10468.370117,10510.290039,10488.070313
2004-02-02,10468.370117,10510.290039,10488.070313,10499.179688
2004-02-03,10510.290039,10488.070313,10499.179688,10505.179688
2004-02-04,10488.070313,10499.179688,10505.179688,10470.740234
2004-02-05,10499.179688,10505.179688,10470.740234,10495.549805
2004-02-06,10505.179688,10470.740234,10495.549805,10593.030273
2004-02-09,10470.740234,10495.549805,10593.030273,10579.030273
2004-02-10,10495.549805,10593.030273,10579.030273,10613.849609
2004-02-11,10593.030273,10579.030273,10613.849609,10737.700195
2004-02-12,10579.030273,10613.849609,10737.700195,10694.070313
2004-02-13,10613.849609,10737.700195,10694.070313,10627.849609
2004-02-17,10737.700195,10694.070313,10627.849609,10714.879883
2004-02-18,10694.070313,10627.849609,10714.879883,10671.990234
2004-02-19,10627.849609,10714.879883,10671.990234,10664.730469
2004-02-20,10714.879883,10671.990234,10664.730469,10619.030273
2004-02-23,10671.990234,10664.730469,10619.030273,10609.620117
2004-02-24,10664.730469,10619.030273,10609.620117,10566.370117
2004-02-25,10619.030273,10609.620117,10566.370117,10601.620117
2004-02-26,10609.620117,10566.370117,10601.620117,10580.139648
2004-02-27,10566.370117,10601.620117,10580.139648,10583.919922
2004-03-01,10601.620117,10580.139648,10583.919922,10678.139648
2004-03-02,10580.139648,10583.919922,10678.139648,10591.480469
2004-03-03,10583.919922,10678.139648,10591.480469,10593.110352
2004-03-04,10678.139648,10591.480469,10593.110352,10588
2004-03-05,10591.480469,10593.110352,10588,10595.549805
2004-03-08,10593.110352,10588,10595.549805,10529.480469
2004-03-09,10588,10595.549805,10529.480469,10456.959961
2004-03-10,10595.549805,10529.480469,10456.959961,10296.889648
2004-03-11,10529.480469,10456.959961,10296.889648,10128.379883
2004-03-12,10456.959961,10296.889648,10128.379883,10240.080078
2004-03-15,10296.889648,10128.379883,10240.080078,10102.889648
2004-03-16,10128.379883,10240.080078,10102.889648,10184.669922
2004-03-17,10240.080078,10102.889648,10184.669922,10300.299805
2004-03-18,10102.889648,10184.669922,10300.299805,10295.780273
2004-03-19,10184.669922,10300.299805,10295.780273,10186.599609
2004-03-22,10300.299805,10295.780273,10186.599609,10064.75
2004-03-23,10295.780273,10186.599609,10064.75,10063.639648
2004-03-24,10186.599609,10064.75,10063.639648,10048.230469
2004-03-25,10064.75,10063.639648,10048.230469,10218.820313
2004-03-26,10063.639648,10048.230469,10218.820313,10212.969727
2004-03-29,10048.230469,10218.820313,10212.969727,10329.629883
2004-03-30,10218.820313,10212.969727,10329.629883,10381.700195
2004-03-31,10212.969727,10329.629883,10381.700195,10357.700195
2004-04-01,10329.629883,10381.700195,10357.700195,10373.330078
2004-04-02,10381.700195,10357.700195,10373.330078,10470.589844
2004-04-05,10357.700195,10373.330078,10470.589844,10558.370117
2004-04-06,10373.330078,10470.589844,10558.370117,10570.80957
2004-04-07,10470.589844,10558.370117,10570.80957,10480.150391
2004-04-08,10558.370117,10570.80957,10480.150391,10442.030273
2004-04-12,10570.80957,10480.150391,10442.030273,10515.55957
2004-04-13,10480.150391,10442.030273,10515.55957,10381.280273
2004-04-14,10442.030273,10515.55957,10381.280273,10377.950195
2004-04-15,10515.55957,10381.280273,10377.950195,10397.459961
2004-04-16,10381.280273,10377.950195,10397.459961,10451.969727
2004-04-19,10377.950195,10397.459961,10451.969727,10437.849609
2004-04-20,10397.459961,10451.969727,10437.849609,10314.5
2004-04-21,10451.969727,10437.849609,10314.5,10317.269531
2004-04-22,10437.849609,10314.5,10317.269531,10461.200195
2004-04-23,10314.5,10317.269531,10461.200195,10472.839844
2004-04-26,10317.269531,10461.200195,10472.839844,10444.730469
2004-04-27,10461.200195,10472.839844,10444.730469,10478.160156
2004-04-28,10472.839844,10444.730469,10478.160156,10342.599609
2004-04-29,10444.730469,10478.160156,10342.599609,10272.269531
2004-04-30,10478.160156,10342.599609,10272.269531,10225.570313
2004-05-03,10342.599609,10272.269531,10225.570313,10314
2004-05-04,10272.269531,10225.570313,10314,10317.200195
2004-05-05,10225.570313,10314,10317.200195,10310.950195
2004-05-06,10314,10317.200195,10310.950195,10241.259766
2004-05-07,10317.200195,10310.950195,10241.259766,10117.339844
2004-05-10,10310.950195,10241.259766,10117.339844,9990.019531
2004-05-11,10241.259766,10117.339844,9990.019531,10019.469727
2004-05-12,10117.339844,9990.019531,10019.469727,10045.160156
2004-05-13,9990.019531,10019.469727,10045.160156,10010.740234
2004-05-14,10019.469727,10045.160156,10010.740234,10012.870117
2004-05-17,10045.160156,10010.740234,10012.870117,9906.910156
2004-05-18,10010.740234,10012.870117,9906.910156,9968.509766
2004-05-19,10012.870117,9906.910156,9968.509766,9937.709961
2004-05-20,9906.910156,9968.509766,9937.709961,9937.639648
2004-05-21,9968.509766,9937.709961,9937.639648,9966.740234
2004-05-24,9937.709961,9937.639648,9966.740234,9958.429688
2004-05-25,9937.639648,9966.740234,9958.429688,10117.620117
2004-05-26,9966.740234,9958.429688,10117.620117,10109.889648
2004-05-27,9958.429688,10117.620117,10109.889648,10205.200195
2004-05-28,10117.620117,10109.889648,10205.200195,10188.450195
2004-06-01,10109.889648,10205.200195,10188.450195,10202.650391
2004-06-02,10205.200195,10188.450195,10202.650391,10262.969727
2004-06-03,10188.450195,10202.650391,10262.969727,10195.910156
2004-06-04,10202.650391,10262.969727,10195.910156,10242.820313
2004-06-07,10262.969727,10195.910156,10242.820313,10391.080078
2004-06-08,10195.910156,10242.820313,10391.080078,10432.519531
2004-06-09,10242.820313,10391.080078,10432.519531,10368.44043
2004-06-10,10391.080078,10432.519531,10368.44043,10410.099609
2004-06-14,10432.519531,10368.44043,10410.099609,10334.730469
2004-06-15,10368.44043,10410.099609,10334.730469,10380.429688
2004-06-16,10410.099609,10334.730469,10380.429688,10379.580078
2004-06-17,10334.730469,10380.429688,10379.580078,10377.519531
2004-06-18,10380.429688,10379.580078,10377.519531,10416.410156
2004-06-21,10379.580078,10377.519531,10416.410156,10371.469727
2004-06-22,10377.519531,10416.410156,10371.469727,10395.070313
2004-06-23,10416.410156,10371.469727,10395.070313,10479.570313
2004-06-24,10371.469727,10395.070313,10479.570313,10443.80957
2004-06-25,10395.070313,10479.570313,10443.80957,10371.839844
2004-06-28,10479.570313,10443.80957,10371.839844,10357.089844
2004-06-29,10443.80957,10371.839844,10357.089844,10413.429688
2004-06-30,10371.839844,10357.089844,10413.429688,10435.480469
2004-07-01,10357.089844,10413.429688,10435.480469,10334.160156
2004-07-02,10413.429688,10435.480469,10334.160156,10282.830078
2004-07-06,10435.480469,10334.160156,10282.830078,10219.339844
2004-07-07,10334.160156,10282.830078,10219.339844,10240.290039
2004-07-08,10282.830078,10219.339844,10240.290039,10171.55957
2004-07-09,10219.339844,10240.290039,10171.55957,10213.219727
2004-07-12,10240.290039,10171.55957,10213.219727,10238.219727
2004-07-13,10171.55957,10213.219727,10238.219727,10247.589844
2004-07-14,10213.219727,10238.219727,10247.589844,10208.799805
2004-07-15,10238.219727,10247.589844,10208.799805,10163.160156
2004-07-16,10247.589844,10208.799805,10163.160156,10139.780273
2004-07-19,10208.799805,10163.160156,10139.780273,10094.05957
2004-07-20,10163.160156,10139.780273,10094.05957,10149.070313
2004-07-21,10139.780273,10094.05957,10149.070313,10046.129883
2004-07-22,10094.05957,10149.070313,10046.129883,10050.330078
2004-07-23,10149.070313,10046.129883,10050.330078,9962.219727
2004-07-26,10046.129883,10050.330078,9962.219727,9961.919922
2004-07-27,10050.330078,9962.219727,9961.919922,10085.139648
2004-07-28,9962.219727,9961.919922,10085.139648,10117.070313
2004-07-29,9961.919922,10085.139648,10117.070313,10129.240234
2004-07-30,10085.139648,10117.070313,10129.240234,10139.709961
2004-08-02,10117.070313,10129.240234,10139.709961,10179.160156
2004-08-03,10129.240234,10139.709961,10179.160156,10120.240234
2004-08-04,10139.709961,10179.160156,10120.240234,10126.509766
2004-08-05,10179.160156,10120.240234,10126.509766,9963.030273
2004-08-06,10120.240234,10126.509766,9963.030273,9815.330078
2004-08-09,10126.509766,9963.030273,9815.330078,9814.660156
2004-08-10,9963.030273,9815.330078,9814.660156,9944.669922
2004-08-11,9815.330078,9814.660156,9944.669922,9938.320313
2004-08-12,9814.660156,9944.669922,9938.320313,9814.589844
2004-08-13,9944.669922,9938.320313,9814.589844,9825.349609
2004-08-16,9938.320313,9814.589844,9825.349609,9954.549805
2004-08-17,9814.589844,9825.349609,9954.549805,9972.830078
2004-08-18,9825.349609,9954.549805,9972.830078,10083.150391
2004-08-19,9954.549805,9972.830078,10083.150391,10040.820313
2004-08-20,9972.830078,10083.150391,10040.820313,10110.139648
2004-08-23,10083.150391,10040.820313,10110.139648,10073.049805
2004-08-24,10040.820313,10110.139648,10073.049805,10098.629883
2004-08-25,10110.139648,10073.049805,10098.629883,10181.740234
2004-08-26,10073.049805,10098.629883,10181.740234,10173.410156
2004-08-27,10098.629883,10181.740234,10173.410156,10195.009766
2004-08-30,10181.740234,10173.410156,10195.009766,10122.519531
2004-08-31,10173.410156,10195.009766,10122.519531,10173.919922
2004-09-01,10195.009766,10122.519531,10173.919922,10168.459961
2004-09-02,10122.519531,10173.919922,10168.459961,10290.280273
2004-09-03,10173.919922,10168.459961,10290.280273,10260.200195
2004-09-07,10168.459961,10290.280273,10260.200195,10342.790039
2004-09-08,10290.280273,10260.200195,10342.790039,10313.360352
2004-09-09,10260.200195,10342.790039,10313.360352,10289.099609
2004-09-10,10342.790039,10313.360352,10289.099609,10313.070313
2004-09-13,10313.360352,10289.099609,10313.070313,10314.759766
2004-09-14,10289.099609,10313.070313,10314.759766,10318.160156
2004-09-15,10313.070313,10314.759766,10318.160156,10231.360352
2004-09-16,10314.759766,10318.160156,10231.360352,10244.490234
2004-09-17,10318.160156,10231.360352,10244.490234,10284.459961
2004-09-20,10231.360352,10244.490234,10284.459961,10204.889648
2004-09-21,10244.490234,10284.459961,10204.889648,10244.929688
2004-09-22,10284.459961,10204.889648,10244.929688,10109.179688
2004-09-23,10204.889648,10244.929688,10109.179688,10038.900391
2004-09-24,10244.929688,10109.179688,10038.900391,10047.240234
2004-09-27,10109.179688,10038.900391,10047.240234,9988.540039
2004-09-28,10038.900391,10047.240234,9988.540039,10077.400391
2004-09-29,10047.240234,9988.540039,10077.400391,10136.240234
2004-09-30,9988.540039,10077.400391,10136.240234,10080.269531
2004-10-01,10077.400391,10136.240234,10080.269531,10192.650391
2004-10-04,10136.240234,10080.269531,10192.650391,10216.540039
2004-10-05,10080.269531,10192.650391,10216.540039,10177.679688
2004-10-06,10192.650391,10216.540039,10177.679688,10239.919922
2004-10-07,10216.540039,10177.679688,10239.919922,10125.400391
2004-10-08,10177.679688,10239.919922,10125.400391,10055.200195
2004-10-11,10239.919922,10125.400391,10055.200195,10081.969727
2004-10-12,10125.400391,10055.200195,10081.969727,10077.179688
2004-10-13,10055.200195,10081.969727,10077.179688,10002.330078
2004-10-14,10081.969727,10077.179688,10002.330078,9894.450195
2004-10-15,10077.179688,10002.330078,9894.450195,9933.379883
2004-10-18,10002.330078,9894.450195,9933.379883,9956.320313
2004-10-19,9894.450195,9933.379883,9956.320313,9897.620117
2004-10-20,9933.379883,9956.320313,9897.620117,9886.929688
2004-10-21,9956.320313,9897.620117,9886.929688,9865.759766
2004-10-22,9897.620117,9886.929688,9865.759766,9757.80957
2004-10-25,9886.929688,9865.759766,9757.80957,9749.990234
2004-10-26,9865.759766,9757.80957,9749.990234,9888.480469
2004-10-27,9757.80957,9749.990234,9888.480469,10002.030273
2004-10-28,9749.990234,9888.480469,10002.030273,10004.540039
2004-10-29,9888.480469,10002.030273,10004.540039,10027.469727
2004-11-01,10002.030273,10004.540039,10027.469727,10054.389648
2004-11-02,10004.540039,10027.469727,10054.389648,10035.730469
2004-11-03,10027.469727,10054.389648,10035.730469,10137.049805
2004-11-04,10054.389648,10035.730469,10137.049805,10314.759766
2004-11-05,10035.730469,10137.049805,10314.759766,10387.540039
2004-11-08,10137.049805,10314.759766,10387.540039,10391.30957
2004-11-09,10314.759766,10387.540039,10391.30957,10386.370117
2004-11-10,10387.540039,10391.30957,10386.370117,10385.480469
2004-11-11,10391.30957,10386.370117,10385.480469,10469.839844
2004-11-12,10386.370117,10385.480469,10469.839844,10539.009766
2004-11-15,10385.480469,10469.839844,10539.009766,10550.240234
2004-11-16,10469.839844,10539.009766,10550.240234,10487.650391
2004-11-17,10539.009766,10550.240234,10487.650391,10549.570313
2004-11-18,10550.240234,10487.650391,10549.570313,10572.549805
2004-11-19,10487.650391,10549.570313,10572.549805,10456.910156
2004-11-22,10549.570313,10572.549805,10456.910156,10489.419922
2004-11-23,10572.549805,10456.910156,10489.419922,10492.599609
2004-11-24,10456.910156,10489.419922,10492.599609,10520.30957
2004-11-26,10489.419922,10492.599609,10520.30957,10522.230469
2004-11-29,10492.599609,10520.30957,10522.230469,10475.900391
2004-11-30,10520.30957,10522.230469,10475.900391,10428.019531
2004-12-01,10522.230469,10475.900391,10428.019531,10590.219727
2004-12-02,10475.900391,10428.019531,10590.219727,10585.120117
2004-12-03,10428.019531,10590.219727,10585.120117,10592.209961
2004-12-06,10590.219727,10585.120117,10592.209961,10547.05957
2004-12-07,10585.120117,10592.209961,10547.05957,10440.580078
2004-12-08,10592.209961,10547.05957,10440.580078,10494.230469
2004-12-09,10547.05957,10440.580078,10494.230469,10552.820313
2004-12-10,10440.580078,10494.230469,10552.820313,10543.219727
2004-12-13,10494.230469,10552.820313,10543.219727,10638.320313
2004-12-14,10552.820313,10543.219727,10638.320313,10676.450195
2004-12-15,10543.219727,10638.320313,10676.450195,10691.450195
2004-12-16,10638.320313,10676.450195,10691.450195,10705.639648
2004-12-17,10676.450195,10691.450195,10705.639648,10649.919922
2004-12-20,10691.450195,10705.639648,10649.919922,10661.599609
2004-12-21,10705.639648,10649.919922,10661.599609,10759.429688
2004-12-22,10649.919922,10661.599609,10759.429688,10815.889648
2004-12-23,10661.599609,10759.429688,10815.889648,10827.120117
2004-12-27,10759.429688,10815.889648,10827.120117,10776.129883
2004-12-28,10815.889648,10827.120117,10776.129883,10854.540039
2004-12-29,10827.120117,10776.129883,10854.540039,10829.19043
2004-12-30,10776.129883,10854.540039,10829.19043,10800.299805
2004-12-31,10854.540039,10829.19043,10800.299805,10783.009766
2005-01-03,10829.19043,10800.299805,10783.009766,10729.429688
2005-01-04,10800.299805,10783.009766,10729.429688,10630.780273
2005-01-05,10783.009766,10729.429688,10630.780273,10597.830078
2005-01-06,10729.429688,10630.780273,10597.830078,10622.879883
2005-01-07,10630.780273,10597.830078,10622.879883,10603.959961
2005-01-10,10597.830078,10622.879883,10603.959961,10621.030273
2005-01-11,10622.879883,10603.959961,10621.030273,10556.219727
2005-01-12,10603.959961,10621.030273,10556.219727,10617.780273
2005-01-13,10621.030273,10556.219727,10617.780273,10505.830078
2005-01-14,10556.219727,10617.780273,10505.830078,10558
2005-01-18,10617.780273,10505.830078,10558,10628.790039
2005-01-19,10505.830078,10558,10628.790039,10539.969727
2005-01-20,10558,10628.790039,10539.969727,10471.469727
2005-01-21,10628.790039,10539.969727,10471.469727,10392.990234
2005-01-24,10539.969727,10471.469727,10392.990234,10368.610352
2005-01-25,10471.469727,10392.990234,10368.610352,10461.55957
2005-01-26,10392.990234,10368.610352,10461.55957,10498.589844
2005-01-27,10368.610352,10461.55957,10498.589844,10467.400391
2005-01-28,10461.55957,10498.589844,10467.400391,10427.200195
2005-01-31,10498.589844,10467.400391,10427.200195,10489.94043
2005-02-01,10467.400391,10427.200195,10489.94043,10551.94043
2005-02-02,10427.200195,10489.94043,10551.94043,10596.790039
2005-02-03,10489.94043,10551.94043,10596.790039,10593.099609
2005-02-04,10551.94043,10596.790039,10593.099609,10716.129883
2005-02-07,10596.790039,10593.099609,10716.129883,10715.759766
2005-02-08,10593.099609,10716.129883,10715.759766,10724.629883
2005-02-09,10716.129883,10715.759766,10724.629883,10664.110352
2005-02-10,10715.759766,10724.629883,10664.110352,10749.610352
2005-02-11,10724.629883,10664.110352,10749.610352,10796.009766
2005-02-14,10664.110352,10749.610352,10796.009766,10791.129883
2005-02-15,10749.610352,10796.009766,10791.129883,10837.320313
2005-02-16,10796.009766,10791.129883,10837.320313,10834.879883
2005-02-17,10791.129883,10837.320313,10834.879883,10754.259766
2005-02-18,10837.320313,10834.879883,10754.259766,10785.219727
2005-02-22,10834.879883,10754.259766,10785.219727,10611.200195
2005-02-23,10754.259766,10785.219727,10611.200195,10673.790039
2005-02-24,10785.219727,10611.200195,10673.790039,10748.790039
2005-02-25,10611.200195,10673.790039,10748.790039,10841.599609
2005-02-28,10673.790039,10748.790039,10841.599609,10766.230469
2005-03-01,10748.790039,10841.599609,10766.230469,10830
2005-03-02,10841.599609,10766.230469,10830,10811.969727
2005-03-03,10766.230469,10830,10811.969727,10833.030273
2005-03-04,10830,10811.969727,10833.030273,10940.549805
2005-03-07,10811.969727,10833.030273,10940.549805,10936.860352
2005-03-08,10833.030273,10940.549805,10936.860352,10912.620117
2005-03-09,10940.549805,10936.860352,10912.620117,10805.620117
2005-03-10,10936.860352,10912.620117,10805.620117,10851.509766
2005-03-11,10912.620117,10805.620117,10851.509766,10774.360352
2005-03-14,10805.620117,10851.509766,10774.360352,10804.509766
2005-03-15,10851.509766,10774.360352,10804.509766,10745.099609
2005-03-16,10774.360352,10804.509766,10745.099609,10633.070313
2005-03-17,10804.509766,10745.099609,10633.070313,10626.349609
2005-03-18,10745.099609,10633.070313,10626.349609,10629.669922
2005-03-21,10633.070313,10626.349609,10629.669922,10565.389648
2005-03-22,10626.349609,10629.669922,10565.389648,10470.509766
2005-03-23,10629.669922,10565.389648,10470.509766,10456.019531
2005-03-24,10565.389648,10470.509766,10456.019531,10442.870117
2005-03-28,10470.509766,10456.019531,10442.870117,10485.650391
2005-03-29,10456.019531,10442.870117,10485.650391,10405.700195
2005-03-30,10442.870117,10485.650391,10405.700195,10540.929688
2005-03-31,10485.650391,10405.700195,10540.929688,10503.759766
2005-04-01,10405.700195,10540.929688,10503.759766,10404.299805
2005-04-04,10540.929688,10503.759766,10404.299805,10421.139648
2005-04-05,10503.759766,10404.299805,10421.139648,10458.459961
2005-04-06,10404.299805,10421.139648,10458.459961,10486.019531
2005-04-07,10421.139648,10458.459961,10486.019531,10546.320313
2005-04-08,10458.459961,10486.019531,10546.320313,10461.339844
2005-04-11,10486.019531,10546.320313,10461.339844,10448.55957
2005-04-12,10546.320313,10461.339844,10448.55957,10507.969727
2005-04-13,10461.339844,10448.55957,10507.969727,10403.929688
2005-04-14,10448.55957,10507.969727,10403.929688,10278.75
2005-04-15,10507.969727,10403.929688,10278.75,10087.509766
2005-04-18,10403.929688,10278.75,10087.509766,10071.25
2005-04-19,10278.75,10087.509766,10071.25,10127.410156
2005-04-20,10087.509766,10071.25,10127.410156,10012.360352
2005-04-21,10071.25,10127.410156,10012.360352,10218.599609
2005-04-22,10127.410156,10012.360352,10218.599609,10157.709961
2005-04-25,10012.360352,10218.599609,10157.709961,10242.469727
2005-04-26,10218.599609,10157.709961,10242.469727,10151.129883
2005-04-27,10157.709961,10242.469727,10151.129883,10198.799805
2005-04-28,10242.469727,10151.129883,10198.799805,10070.370117
2005-04-29,10151.129883,10198.799805,10070.370117,10192.509766
2005-05-02,10198.799805,10070.370117,10192.509766,10251.700195
2005-05-03,10070.370117,10192.509766,10251.700195,10256.950195
2005-05-04,10192.509766,10251.700195,10256.950195,10384.639648
2005-05-05,10251.700195,10256.950195,10384.639648,10340.379883
2005-05-06,10256.950195,10384.639648,10340.379883,10345.400391
2005-05-09,10384.639648,10340.379883,10345.400391,10384.339844
2005-05-10,10340.379883,10345.400391,10384.339844,10281.110352
2005-05-11,10345.400391,10384.339844,10281.110352,10300.25
2005-05-12,10384.339844,10281.110352,10300.25,10189.480469
2005-05-13,10281.110352,10300.25,10189.480469,10140.120117
2005-05-16,10300.25,10189.480469,10140.120117,10252.290039
2005-05-17,10189.480469,10140.120117,10252.290039,10331.879883
2005-05-18,10140.120117,10252.290039,10331.879883,10464.450195
2005-05-19,10252.290039,10331.879883,10464.450195,10493.19043
2005-05-20,10331.879883,10464.450195,10493.19043,10471.910156
2005-05-23,10464.450195,10493.19043,10471.910156,10523.55957
2005-05-24,10493.19043,10471.910156,10523.55957,10503.679688
2005-05-25,10471.910156,10523.55957,10503.679688,10457.799805
2005-05-26,10523.55957,10503.679688,10457.799805,10537.599609
2005-05-27,10503.679688,10457.799805,10537.599609,10542.549805
2005-05-31,10457.799805,10537.599609,10542.549805,10467.480469
2005-06-01,10537.599609,10542.549805,10467.480469,10549.870117
2005-06-02,10542.549805,10467.480469,10549.870117,10553.490234
2005-06-03,10467.480469,10549.870117,10553.490234,10460.969727
2005-06-06,10549.870117,10553.490234,10460.969727,10467.030273
2005-06-07,10553.490234,10460.969727,10467.030273,10483.070313
2005-06-08,10460.969727,10467.030273,10483.070313,10476.860352
2005-06-09,10467.030273,10483.070313,10476.860352,10503.019531
2005-06-10,10483.070313,10476.860352,10503.019531,10512.629883
2005-06-13,10476.860352,10503.019531,10512.629883,10522.55957
2005-06-14,10503.019531,10512.629883,10522.55957,10547.570313
2005-06-15,10512.629883,10522.55957,10547.570313,10566.370117
2005-06-16,10522.55957,10547.570313,10566.370117,10578.650391
2005-06-17,10547.570313,10566.370117,10578.650391,10623.070313
2005-06-20,10566.370117,10578.650391,10623.070313,10609.110352
2005-06-21,10578.650391,10623.070313,10609.110352,10599.669922
2005-06-22,10623.070313,10609.110352,10599.669922,10587.929688
2005-06-23,10609.110352,10599.669922,10587.929688,10421.44043
2005-06-24,10599.669922,10587.929688,10421.44043,10297.839844
2005-06-27,10587.929688,10421.44043,10297.839844,10290.780273
2005-06-28,10421.44043,10297.839844,10290.780273,10405.629883
2005-06-29,10297.839844,10290.780273,10405.629883,10374.480469
2005-06-30,10290.780273,10405.629883,10374.480469,10274.969727
2005-07-01,10405.629883,10374.480469,10274.969727,10303.44043
2005-07-05,10374.480469,10274.969727,10303.44043,10371.799805
2005-07-06,10274.969727,10303.44043,10371.799805,10270.679688
2005-07-07,10303.44043,10371.799805,10270.679688,10302.290039
2005-07-08,10371.799805,10270.679688,10302.290039,10449.139648
2005-07-11,10270.679688,10302.290039,10449.139648,10519.719727
2005-07-12,10302.290039,10449.139648,10519.719727,10513.889648
2005-07-13,10449.139648,10519.719727,10513.889648,10557.389648
2005-07-14,10519.719727,10513.889648,10557.389648,10628.889648
2005-07-15,10513.889648,10557.389648,10628.889648,10640.830078
2005-07-18,10557.389648,10628.889648,10640.830078,10574.990234
2005-07-19,10628.889648,10640.830078,10574.990234,10646.55957
2005-07-20,10640.830078,10574.990234,10646.55957,10689.150391
2005-07-21,10574.990234,10646.55957,10689.150391,10627.769531
2005-07-22,10646.55957,10689.150391,10627.769531,10651.179688
2005-07-25,10689.150391,10627.769531,10651.179688,10596.480469
2005-07-26,10627.769531,10651.179688,10596.480469,10579.769531
2005-07-27,10651.179688,10596.480469,10579.769531,10637.089844
2005-07-28,10596.480469,10579.769531,10637.089844,10705.549805
2005-07-29,10579.769531,10637.089844,10705.549805,10640.910156
2005-08-01,10637.089844,10705.549805,10640.910156,10623.150391
2005-08-02,10705.549805,10640.910156,10623.150391,10683.740234
2005-08-03,10640.910156,10623.150391,10683.740234,10697.589844
2005-08-04,10623.150391,10683.740234,10697.589844,10610.099609
2005-08-05,10683.740234,10697.589844,10610.099609,10558.030273
2005-08-08,10697.589844,10610.099609,10558.030273,10536.929688
2005-08-09,10610.099609,10558.030273,10536.929688,10615.669922
2005-08-10,10558.030273,10536.929688,10615.669922,10594.410156
2005-08-11,10536.929688,10615.669922,10594.410156,10685.889648
2005-08-12,10615.669922,10594.410156,10685.889648,10600.30957
2005-08-15,10594.410156,10685.889648,10600.30957,10634.379883
2005-08-16,10685.889648,10600.30957,10634.379883,10513.450195
2005-08-17,10600.30957,10634.379883,10513.450195,10550.709961
2005-08-18,10634.379883,10513.450195,10550.709961,10554.929688
2005-08-19,10513.450195,10550.709961,10554.929688,10559.230469
2005-08-22,10550.709961,10554.929688,10559.230469,10569.889648
2005-08-23,10554.929688,10559.230469,10569.889648,10519.580078
2005-08-24,10559.230469,10569.889648,10519.580078,10434.870117
2005-08-25,10569.889648,10519.580078,10434.870117,10450.629883
2005-08-26,10519.580078,10434.870117,10450.629883,10397.290039
2005-08-29,10434.870117,10450.629883,10397.290039,10463.049805
2005-08-30,10450.629883,10397.290039,10463.049805,10412.820313
2005-08-31,10397.290039,10463.049805,10412.820313,10481.599609
2005-09-01,10463.049805,10412.820313,10481.599609,10459.629883
2005-09-02,10412.820313,10481.599609,10459.629883,10447.370117
2005-09-06,10481.599609,10459.629883,10447.370117,10589.240234
2005-09-07,10459.629883,10447.370117,10589.240234,10633.5
2005-09-08,10447.370117,10589.240234,10633.5,10595.929688
2005-09-09,10589.240234,10633.5,10595.929688,10678.55957
2005-09-12,10633.5,10595.929688,10678.55957,10682.94043
2005-09-13,10595.929688,10678.55957,10682.94043,10597.44043
2005-09-14,10678.55957,10682.94043,10597.44043,10544.900391
2005-09-15,10682.94043,10597.44043,10544.900391,10558.75
2005-09-16,10597.44043,10544.900391,10558.75,10641.94043
2005-09-19,10544.900391,10558.75,10641.94043,10557.629883
2005-09-20,10558.75,10641.94043,10557.629883,10481.519531
2005-09-21,10641.94043,10557.629883,10481.519531,10378.030273
2005-09-22,10557.629883,10481.519531,10378.030273,10422.049805
2005-09-23,10481.519531,10378.030273,10422.049805,10419.589844
2005-09-26,10378.030273,10422.049805,10419.589844,10443.629883
2005-09-27,10422.049805,10419.589844,10443.629883,10456.209961
2005-09-28,10419.589844,10443.629883,10456.209961,10473.089844
2005-09-29,10443.629883,10456.209961,10473.089844,10552.780273
2005-09-30,10456.209961,10473.089844,10552.780273,10568.700195
2005-10-03,10473.089844,10552.780273,10568.700195,10535.480469
2005-10-04,10552.780273,10568.700195,10535.480469,10441.110352
2005-10-05,10568.700195,10535.480469,10441.110352,10317.360352
2005-10-06,10535.480469,10441.110352,10317.360352,10287.099609
2005-10-07,10441.110352,10317.360352,10287.099609,10292.30957
2005-10-10,10317.360352,10287.099609,10292.30957,10238.759766
2005-10-11,10287.099609,10292.30957,10238.759766,10253.169922
2005-10-12,10292.30957,10238.759766,10253.169922,10216.910156
2005-10-13,10238.759766,10253.169922,10216.910156,10216.589844
2005-10-14,10253.169922,10216.910156,10216.589844,10287.339844
2005-10-17,10216.910156,10216.589844,10287.339844,10348.099609
2005-10-18,10216.589844,10287.339844,10348.099609,10285.259766
2005-10-19,10287.339844,10348.099609,10285.259766,10414.129883
2005-10-20,10348.099609,10285.259766,10414.129883,10281.099609
2005-10-21,10285.259766,10414.129883,10281.099609,10215.219727
2005-10-24,10414.129883,10281.099609,10215.219727,10385
2005-10-25,10281.099609,10215.219727,10385,10377.870117
2005-10-26,10215.219727,10385,10377.870117,10344.980469
2005-10-27,10385,10377.870117,10344.980469,10229.950195
2005-10-28,10377.870117,10344.980469,10229.950195,10402.769531
2005-10-31,10344.980469,10229.950195,10402.769531,10440.070313
2005-11-01,10229.950195,10402.769531,10440.070313,10406.769531
2005-11-02,10402.769531,10440.070313,10406.769531,10472.730469
2005-11-03,10440.070313,10406.769531,10472.730469,10522.589844
2005-11-04,10406.769531,10472.730469,10522.589844,10530.759766
2005-11-07,10472.730469,10522.589844,10530.759766,10586.230469
2005-11-08,10522.589844,10530.759766,10586.230469,10539.719727
2005-11-09,10530.759766,10586.230469,10539.719727,10546.209961
2005-11-10,10586.230469,10539.719727,10546.209961,10640.099609
2005-11-11,10539.719727,10546.209961,10640.099609,10686.040039
2005-11-14,10546.209961,10640.099609,10686.040039,10697.169922
2005-11-15,10640.099609,10686.040039,10697.169922,10686.44043
2005-11-16,10686.040039,10697.169922,10686.44043,10674.759766
2005-11-17,10697.169922,10686.44043,10674.759766,10720.219727
2005-11-18,10686.44043,10674.759766,10720.219727,10766.330078
2005-11-21,10674.759766,10720.219727,10766.330078,10820.280273
2005-11-22,10720.219727,10766.330078,10820.280273,10871.429688
2005-11-23,10766.330078,10820.280273,10871.429688,10916.089844
2005-11-25,10820.280273,10871.429688,10916.089844,10931.620117
2005-11-28,10871.429688,10916.089844,10931.620117,10890.719727
2005-11-29,10916.089844,10931.620117,10890.719727,10888.160156
2005-11-30,10931.620117,10890.719727,10888.160156,10805.870117
2005-12-01,10890.719727,10888.160156,10805.870117,10912.570313
2005-12-02,10888.160156,10805.870117,10912.570313,10877.509766
2005-12-05,10805.870117,10912.570313,10877.509766,10835.009766
2005-12-06,10912.570313,10877.509766,10835.009766,10856.860352
2005-12-07,10877.509766,10835.009766,10856.860352,10810.910156
2005-12-08,10835.009766,10856.860352,10810.910156,10755.120117
2005-12-09,10856.860352,10810.910156,10755.120117,10778.580078
2005-12-12,10810.910156,10755.120117,10778.580078,10767.769531
2005-12-13,10755.120117,10778.580078,10767.769531,10823.719727
2005-12-14,10778.580078,10767.769531,10823.719727,10883.509766
2005-12-15,10767.769531,10823.719727,10883.509766,10881.669922
2005-12-16,10823.719727,10883.509766,10881.669922,10875.589844
2005-12-19,10883.509766,10881.669922,10875.589844,10836.530273
2005-12-20,10881.669922,10875.589844,10836.530273,10805.549805
2005-12-21,10875.589844,10836.530273,10805.549805,10833.730469
2005-12-22,10836.530273,10805.549805,10833.730469,10889.44043
2005-12-23,10805.549805,10833.730469,10889.44043,10883.269531
2005-12-27,10833.730469,10889.44043,10883.269531,10777.769531
2005-12-28,10889.44043,10883.269531,10777.769531,10796.259766
2005-12-29,10883.269531,10777.769531,10796.259766,10784.820313
2005-12-30,10777.769531,10796.259766,10784.820313,10717.5
2006-01-03,10796.259766,10784.820313,10717.5,10847.410156
2006-01-04,10784.820313,10717.5,10847.410156,10880.150391
2006-01-05,10717.5,10847.410156,10880.150391,10882.150391
2006-01-06,10847.410156,10880.150391,10882.150391,10959.30957
2006-01-09,10880.150391,10882.150391,10959.30957,11011.900391
2006-01-10,10882.150391,10959.30957,11011.900391,11011.580078
2006-01-11,10959.30957,11011.900391,11011.580078,11043.44043
2006-01-12,11011.900391,11011.580078,11043.44043,10962.360352
2006-01-13,11011.580078,11043.44043,10962.360352,10959.870117
2006-01-17,11043.44043,10962.360352,10959.870117,10896.320313
2006-01-18,10962.360352,10959.870117,10896.320313,10854.860352
2006-01-19,10959.870117,10896.320313,10854.860352,10880.709961
2006-01-20,10896.320313,10854.860352,10880.709961,10667.389648
2006-01-23,10854.860352,10880.709961,10667.389648,10688.769531
2006-01-24,10880.709961,10667.389648,10688.769531,10712.219727
2006-01-25,10667.389648,10688.769531,10712.219727,10709.740234
2006-01-26,10688.769531,10712.219727,10709.740234,10809.469727
2006-01-27,10712.219727,10709.740234,10809.469727,10907.209961
2006-01-30,10709.740234,10809.469727,10907.209961,10899.919922
2006-01-31,10809.469727,10907.209961,10899.919922,10864.860352
2006-02-01,10907.209961,10899.919922,10864.860352,10953.950195
2006-02-02,10899.919922,10864.860352,10953.950195,10851.980469
2006-02-03,10864.860352,10953.950195,10851.980469,10793.620117
2006-02-06,10953.950195,10851.980469,10793.620117,10798.269531
2006-02-07,10851.980469,10793.620117,10798.269531,10749.759766
2006-02-08,10793.620117,10798.269531,10749.759766,10858.620117
2006-02-09,10798.269531,10749.759766,10858.620117,10883.349609
2006-02-10,10749.759766,10858.620117,10883.349609,10919.049805
2006-02-13,10858.620117,10883.349609,10919.049805,10892.320313
2006-02-14,10883.349609,10919.049805,10892.320313,11028.389648
2006-02-15,10919.049805,10892.320313,11028.389648,11058.969727
2006-02-16,10892.320313,11028.389648,11058.969727,11120.679688
2006-02-17,11028.389648,11058.969727,11120.679688,11115.320313
2006-02-21,11058.969727,11120.679688,11115.320313,11069.05957
2006-02-22,11120.679688,11115.320313,11069.05957,11137.169922
2006-02-23,11115.320313,11069.05957,11137.169922,11069.219727
2006-02-24,11069.05957,11137.169922,11069.219727,11061.849609
2006-02-27,11137.169922,11069.219727,11061.849609,11097.549805
2006-02-28,11069.219727,11061.849609,11097.549805,10993.410156
2006-03-01,11061.849609,11097.549805,10993.410156,11053.530273
2006-03-02,11097.549805,10993.410156,11053.530273,11025.509766
2006-03-03,10993.410156,11053.530273,11025.509766,11021.589844
2006-03-06,11053.530273,11025.509766,11021.589844,10958.589844
2006-03-07,11025.509766,11021.589844,10958.589844,10980.69043
2006-03-08,11021.589844,10958.589844,10980.69043,11005.740234
2006-03-09,10958.589844,10980.69043,11005.740234,10972.280273
2006-03-10,10980.69043,11005.740234,10972.280273,11076.339844
2006-03-13,11005.740234,10972.280273,11076.339844,11076.019531
2006-03-14,10972.280273,11076.339844,11076.019531,11151.339844
2006-03-15,11076.339844,11076.019531,11151.339844,11209.769531
2006-03-16,11076.019531,11151.339844,11209.769531,11253.240234
2006-03-17,11151.339844,11209.769531,11253.240234,11279.650391
2006-03-20,11209.769531,11253.240234,11279.650391,11274.530273
2006-03-21,11253.240234,11279.650391,11274.530273,11235.469727
2006-03-22,11279.650391,11274.530273,11235.469727,11317.429688
2006-03-23,11274.530273,11235.469727,11317.429688,11270.290039
2006-03-24,11235.469727,11317.429688,11270.290039,11279.969727
2006-03-27,11317.429688,11270.290039,11279.969727,11250.110352
2006-03-28,11270.290039,11279.969727,11250.110352,11154.540039
2006-03-29,11279.969727,11250.110352,11154.540039,11215.700195
2006-03-30,11250.110352,11154.540039,11215.700195,11150.700195
2006-03-31,11154.540039,11215.700195,11150.700195,11109.320313
2006-04-03,11215.700195,11150.700195,11109.320313,11144.94043
2006-04-04,11150.700195,11109.320313,11144.94043,11203.849609
2006-04-05,11109.320313,11144.94043,11203.849609,11239.549805
2006-04-06,11144.94043,11203.849609,11239.549805,11216.5
2006-04-07,11203.849609,11239.549805,11216.5,11120.040039
2006-04-10,11239.549805,11216.5,11120.040039,11141.330078
2006-04-11,11216.5,11120.040039,11141.330078,11089.629883
2006-04-12,11120.040039,11141.330078,11089.629883,11129.969727
2006-04-13,11141.330078,11089.629883,11129.969727,11137.650391
2006-04-17,11089.629883,11129.969727,11137.650391,11073.780273
2006-04-18,11129.969727,11137.650391,11073.780273,11268.769531
2006-04-19,11137.650391,11073.780273,11268.769531,11278.769531
2006-04-20,11073.780273,11268.769531,11278.769531,11342.889648
2006-04-21,11268.769531,11278.769531,11342.889648,11347.450195
2006-04-24,11278.769531,11342.889648,11347.450195,11336.320313
2006-04-25,11342.889648,11347.450195,11336.320313,11283.25
2006-04-26,11347.450195,11336.320313,11283.25,11354.490234
2006-04-27,11336.320313,11283.25,11354.490234,11382.509766
2006-04-28,11283.25,11354.490234,11382.509766,11367.139648
2006-05-01,11354.490234,11382.509766,11367.139648,11343.290039
2006-05-02,11382.509766,11367.139648,11343.290039,11416.450195
2006-05-03,11367.139648,11343.290039,11416.450195,11400.280273
2006-05-04,11343.290039,11416.450195,11400.280273,11438.860352
2006-05-05,11416.450195,11400.280273,11438.860352,11577.740234
2006-05-08,11400.280273,11438.860352,11577.740234,11584.540039
2006-05-09,11438.860352,11577.740234,11584.540039,11639.769531
2006-05-10,11577.740234,11584.540039,11639.769531,11642.650391
2006-05-11,11584.540039,11639.769531,11642.650391,11500.730469
2006-05-12,11639.769531,11642.650391,11500.730469,11380.990234
2006-05-15,11642.650391,11500.730469,11380.990234,11428.769531
2006-05-16,11500.730469,11380.990234,11428.769531,11419.889648
2006-05-17,11380.990234,11428.769531,11419.889648,11205.610352
2006-05-18,11428.769531,11419.889648,11205.610352,11128.290039
2006-05-19,11419.889648,11205.610352,11128.290039,11144.05957
2006-05-22,11205.610352,11128.290039,11144.05957,11125.330078
2006-05-23,11128.290039,11144.05957,11125.330078,11098.349609
2006-05-24,11144.05957,11125.330078,11098.349609,11117.320313
2006-05-25,11125.330078,11098.349609,11117.320313,11211.049805
2006-05-26,11098.349609,11117.320313,11211.049805,11278.610352
2006-05-30,11117.320313,11211.049805,11278.610352,11094.429688
2006-05-31,11211.049805,11278.610352,11094.429688,11168.30957
2006-06-01,11278.610352,11094.429688,11168.30957,11260.280273
2006-06-02,11094.429688,11168.30957,11260.280273,11247.870117
2006-06-05,11168.30957,11260.280273,11247.870117,11048.719727
2006-06-06,11260.280273,11247.870117,11048.719727,11002.139648
2006-06-07,11247.870117,11048.719727,11002.139648,10930.900391
2006-06-08,11048.719727,11002.139648,10930.900391,10938.820313
2006-06-09,11002.139648,10930.900391,10938.820313,10891.919922
2006-06-12,10930.900391,10938.820313,10891.919922,10792.580078
2006-06-13,10938.820313,10891.919922,10792.580078,10706.139648
2006-06-14,10891.919922,10792.580078,10706.139648,10816.919922
2006-06-15,10792.580078,10706.139648,10816.919922,11015.19043
2006-06-16,10706.139648,10816.919922,11015.19043,11014.549805
2006-06-19,10816.919922,11015.19043,11014.549805,10942.110352
2006-06-20,11015.19043,11014.549805,10942.110352,10974.839844
2006-06-21,11014.549805,10942.110352,10974.839844,11079.459961
2006-06-22,10942.110352,10974.839844,11079.459961,11019.110352
2006-06-23,10974.839844,11079.459961,11019.110352,10989.089844
2006-06-26,11079.459961,11019.110352,10989.089844,11045.280273
2006-06-27,11019.110352,10989.089844,11045.280273,10924.740234
2006-06-28,10989.089844,11045.280273,10924.740234,10973.55957
2006-06-29,11045.280273,10924.740234,10973.55957,11190.799805
2006-06-30,10924.740234,10973.55957,11190.799805,11150.219727
2006-07-03,10973.55957,11190.799805,11150.219727,11228.019531
2006-07-05,11190.799805,11150.219727,11228.019531,11151.820313
2006-07-06,11150.219727,11228.019531,11151.820313,11225.299805
2006-07-07,11228.019531,11151.820313,11225.299805,11090.669922
2006-07-10,11151.820313,11225.299805,11090.669922,11103.549805
2006-07-11,11225.299805,11090.669922,11103.549805,11134.769531
2006-07-12,11090.669922,11103.549805,11134.769531,11013.179688
2006-07-13,11103.549805,11134.769531,11013.179688,10846.290039
2006-07-14,11134.769531,11013.179688,10846.290039,10739.349609
2006-07-17,11013.179688,10846.290039,10739.349609,10747.360352
2006-07-18,10846.290039,10739.349609,10747.360352,10799.230469
2006-07-19,10739.349609,10747.360352,10799.230469,11011.419922
2006-07-20,10747.360352,10799.230469,11011.419922,10928.099609
2006-07-21,10799.230469,11011.419922,10928.099609,10868.379883
2006-07-24,11011.419922,10928.099609,10868.379883,11051.049805
2006-07-25,10928.099609,10868.379883,11051.049805,11103.709961
2006-07-26,10868.379883,11051.049805,11103.709961,11102.509766
2006-07-27,11051.049805,11103.709961,11102.509766,11100.429688
2006-07-28,11103.709961,11102.509766,11100.429688,11219.700195
2006-07-31,11102.509766,11100.429688,11219.700195,11185.679688
2006-08-01,11100.429688,11219.700195,11185.679688,11125.730469
2006-08-02,11219.700195,11185.679688,11125.730469,11199.929688
2006-08-03,11185.679688,11125.730469,11199.929688,11242.589844
2006-08-04,11125.730469,11199.929688,11242.589844,11240.349609
2006-08-07,11199.929688,11242.589844,11240.349609,11219.379883
2006-08-08,11242.589844,11240.349609,11219.379883,11173.589844
2006-08-09,11240.349609,11219.379883,11173.589844,11076.179688
2006-08-10,11219.379883,11173.589844,11076.179688,11124.370117
2006-08-11,11173.589844,11076.179688,11124.370117,11088.030273
2006-08-14,11076.179688,11124.370117,11088.030273,11097.870117
2006-08-15,11124.370117,11088.030273,11097.870117,11230.259766
2006-08-16,11088.030273,11097.870117,11230.259766,11327.120117
2006-08-17,11097.870117,11230.259766,11327.120117,11334.959961
2006-08-18,11230.259766,11327.120117,11334.959961,11381.469727
2006-08-21,11327.120117,11334.959961,11381.469727,11345.049805
2006-08-22,11334.959961,11381.469727,11345.049805,11339.839844
2006-08-23,11381.469727,11345.049805,11339.839844,11297.900391
2006-08-24,11345.049805,11339.839844,11297.900391,11304.459961
2006-08-25,11339.839844,11297.900391,11304.459961,11284.049805
2006-08-28,11297.900391,11304.459961,11284.049805,11352.009766
2006-08-29,11304.459961,11284.049805,11352.009766,11369.94043
2006-08-30,11284.049805,11352.009766,11369.94043,11382.910156
2006-08-31,11352.009766,11369.94043,11382.910156,11381.150391
2006-09-01,11369.94043,11382.910156,11381.150391,11464.150391
2006-09-05,11382.910156,11381.150391,11464.150391,11469.280273
2006-09-06,11381.150391,11464.150391,11469.280273,11406.200195
2006-09-07,11464.150391,11469.280273,11406.200195,11331.44043
2006-09-08,11469.280273,11406.200195,11331.44043,11392.110352
2006-09-11,11406.200195,11331.44043,11392.110352,11396.839844
2006-09-12,11331.44043,11392.110352,11396.839844,11498.089844
2006-09-13,11392.110352,11396.839844,11498.089844,11543.320313
2006-09-14,11396.839844,11498.089844,11543.320313,11527.389648
2006-09-15,11498.089844,11543.320313,11527.389648,11560.769531
2006-09-18,11543.320313,11527.389648,11560.769531,11555
2006-09-19,11527.389648,11560.769531,11555,11540.910156
2006-09-20,11560.769531,11555,11540.910156,11613.19043
2006-09-21,11555,11540.910156,11613.19043,11533.230469
2006-09-22,11540.910156,11613.19043,11533.230469,11508.099609
2006-09-25,11613.19043,11533.230469,11508.099609,11575.80957
2006-09-26,11533.230469,11508.099609,11575.80957,11669.389648
2006-09-27,11508.099609,11575.80957,11669.389648,11689.240234
2006-09-28,11575.80957,11669.389648,11689.240234,11718.450195
2006-09-29,11669.389648,11689.240234,11718.450195,11679.070313
2006-10-02,11689.240234,11718.450195,11679.070313,11670.349609
2006-10-03,11718.450195,11679.070313,11670.349609,11727.339844
2006-10-04,11679.070313,11670.349609,11727.339844,11850.610352
2006-10-05,11670.349609,11727.339844,11850.610352,11866.69043
2006-10-06,11727.339844,11850.610352,11866.69043,11850.209961
2006-10-09,11850.610352,11866.69043,11850.209961,11857.80957
2006-10-10,11866.69043,11850.209961,11857.80957,11867.169922
2006-10-11,11850.209961,11857.80957,11867.169922,11852.129883
2006-10-12,11857.80957,11867.169922,11852.129883,11947.700195
2006-10-13,11867.169922,11852.129883,11947.700195,11960.509766
2006-10-16,11852.129883,11947.700195,11960.509766,11980.599609
2006-10-17,11947.700195,11960.509766,11980.599609,11950.019531
2006-10-18,11960.509766,11980.599609,11950.019531,11992.679688
2006-10-19,11980.599609,11950.019531,11992.679688,12011.730469
2006-10-20,11950.019531,11992.679688,12011.730469,12002.370117
2006-10-23,11992.679688,12011.730469,12002.370117,12116.910156
2006-10-24,12011.730469,12002.370117,12116.910156,12127.879883
2006-10-25,12002.370117,12116.910156,12127.879883,12134.679688
2006-10-26,12116.910156,12127.879883,12134.679688,12163.660156
2006-10-27,12127.879883,12134.679688,12163.660156,12090.259766
2006-10-30,12134.679688,12163.660156,12090.259766,12086.5
2006-10-31,12163.660156,12090.259766,12086.5,12080.730469
2006-11-01,12090.259766,12086.5,12080.730469,12031.019531
2006-11-02,12086.5,12080.730469,12031.019531,12018.540039
2006-11-03,12080.730469,12031.019531,12018.540039,11986.040039
2006-11-06,12031.019531,12018.540039,11986.040039,12105.549805
2006-11-07,12018.540039,11986.040039,12105.549805,12156.769531
2006-11-08,11986.040039,12105.549805,12156.769531,12176.540039
2006-11-09,12105.549805,12156.769531,12176.540039,12103.299805
2006-11-10,12156.769531,12176.540039,12103.299805,12108.429688
2006-11-13,12176.540039,12103.299805,12108.429688,12131.879883
2006-11-14,12103.299805,12108.429688,12131.879883,12218.009766
2006-11-15,12108.429688,12131.879883,12218.009766,12251.709961
2006-11-16,12131.879883,12218.009766,12251.709961,12305.820313
2006-11-17,12218.009766,12251.709961,12305.820313,12342.55957
2006-11-20,12251.709961,12305.820313,12342.55957,12316.540039
2006-11-21,12305.820313,12342.55957,12316.540039,12321.589844
2006-11-22,12342.55957,12316.540039,12321.589844,12326.950195
2006-11-24,12316.540039,12321.589844,12326.950195,12280.169922
2006-11-27,12321.589844,12326.950195,12280.169922,12121.709961
2006-11-28,12326.950195,12280.169922,12121.709961,12136.450195
2006-11-29,12280.169922,12121.709961,12136.450195,12226.730469
2006-11-30,12121.709961,12136.450195,12226.730469,12221.929688
2006-12-01,12136.450195,12226.730469,12221.929688,12194.129883
2006-12-04,12226.730469,12221.929688,12194.129883,12283.849609
2006-12-05,12221.929688,12194.129883,12283.849609,12331.599609
2006-12-06,12194.129883,12283.849609,12331.599609,12309.25
2006-12-07,12283.849609,12331.599609,12309.25,12278.410156
2006-12-08,12331.599609,12309.25,12278.410156,12307.490234
2006-12-11,12309.25,12278.410156,12307.490234,12328.480469
2006-12-12,12278.410156,12307.490234,12328.480469,12315.580078
2006-12-13,12307.490234,12328.480469,12315.580078,12317.5
2006-12-14,12328.480469,12315.580078,12317.5,12416.759766
2006-12-15,12315.580078,12317.5,12416.759766,12445.519531
2006-12-18,12317.5,12416.759766,12445.519531,12441.269531
2006-12-19,12416.759766,12445.519531,12441.269531,12471.320313
2006-12-20,12445.519531,12441.269531,12471.320313,12463.870117
2006-12-21,12441.269531,12471.320313,12463.870117,12421.25
2006-12-22,12471.320313,12463.870117,12421.25,12343.219727
2006-12-26,12463.870117,12421.25,12343.219727,12407.629883
2006-12-27,12421.25,12343.219727,12407.629883,12510.570313
2006-12-28,12343.219727,12407.629883,12510.570313,12501.519531
2006-12-29,12407.629883,12510.570313,12501.519531,12463.150391
2007-01-03,12510.570313,12501.519531,12463.150391,12474.519531
2007-01-04,12501.519531,12463.150391,12474.519531,12480.69043
2007-01-05,12463.150391,12474.519531,12480.69043,12398.009766
2007-01-08,12474.519531,12480.69043,12398.009766,12423.490234
2007-01-09,12480.69043,12398.009766,12423.490234,12416.599609
2007-01-10,12398.009766,12423.490234,12416.599609,12442.160156
2007-01-11,12423.490234,12416.599609,12442.160156,12514.980469
2007-01-12,12416.599609,12442.160156,12514.980469,12556.080078
2007-01-16,12442.160156,12514.980469,12556.080078,12582.589844
2007-01-17,12514.980469,12556.080078,12582.589844,12577.150391
2007-01-18,12556.080078,12582.589844,12577.150391,12567.929688
2007-01-19,12582.589844,12577.150391,12567.929688,12565.530273
2007-01-22,12577.150391,12567.929688,12565.530273,12477.160156
2007-01-23,12567.929688,12565.530273,12477.160156,12533.799805
2007-01-24,12565.530273,12477.160156,12533.799805,12621.769531
2007-01-25,12477.160156,12533.799805,12621.769531,12502.55957
2007-01-26,12533.799805,12621.769531,12502.55957,12487.019531
2007-01-29,12621.769531,12502.55957,12487.019531,12490.780273
2007-01-30,12502.55957,12487.019531,12490.780273,12523.30957
2007-01-31,12487.019531,12490.780273,12523.30957,12621.69043
2007-02-01,12490.780273,12523.30957,12621.69043,12673.679688
2007-02-02,12523.30957,12621.69043,12673.679688,12653.490234
2007-02-05,12621.69043,12673.679688,12653.490234,12661.740234
2007-02-06,12673.679688,12653.490234,12661.740234,12666.30957
2007-02-07,12653.490234,12661.740234,12666.30957,12666.870117
2007-02-08,12661.740234,12666.30957,12666.870117,12637.629883
2007-02-09,12666.30957,12666.870117,12637.629883,12580.830078
2007-02-12,12666.870117,12637.629883,12580.830078,12552.549805
2007-02-13,12637.629883,12580.830078,12552.549805,12654.849609
2007-02-14,12580.830078,12552.549805,12654.849609,12741.860352
2007-02-15,12552.549805,12654.849609,12741.860352,12765.009766
2007-02-16,12654.849609,12741.860352,12765.009766,12767.570313
2007-02-20,12741.860352,12765.009766,12767.570313,12786.639648
2007-02-21,12765.009766,12767.570313,12786.639648,12738.410156
2007-02-22,12767.570313,12786.639648,12738.410156,12686.019531
2007-02-23,12786.639648,12738.410156,12686.019531,12647.480469
2007-02-26,12738.410156,12686.019531,12647.480469,12632.259766
2007-02-27,12686.019531,12647.480469,12632.259766,12216.240234
2007-02-28,12647.480469,12632.259766,12216.240234,12268.629883
2007-03-01,12632.259766,12216.240234,12268.629883,12234.339844
2007-03-02,12216.240234,12268.629883,12234.339844,12114.099609
2007-03-05,12268.629883,12234.339844,12114.099609,12050.410156
2007-03-06,12234.339844,12114.099609,12050.410156,12207.589844
2007-03-07,12114.099609,12050.410156,12207.589844,12192.450195
2007-03-08,12050.410156,12207.589844,12192.450195,12260.700195
2007-03-09,12207.589844,12192.450195,12260.700195,12276.320313
2007-03-12,12192.450195,12260.700195,12276.320313,12318.620117
2007-03-13,12260.700195,12276.320313,12318.620117,12075.959961
2007-03-14,12276.320313,12318.620117,12075.959961,12133.400391
2007-03-15,12318.620117,12075.959961,12133.400391,12159.679688
2007-03-16,12075.959961,12133.400391,12159.679688,12110.410156
2007-03-19,12133.400391,12159.679688,12110.410156,12226.169922
2007-03-20,12159.679688,12110.410156,12226.169922,12288.099609
2007-03-21,12110.410156,12226.169922,12288.099609,12447.519531
2007-03-22,12226.169922,12288.099609,12447.519531,12461.139648
2007-03-23,12288.099609,12447.519531,12461.139648,12481.009766
2007-03-26,12447.519531,12461.139648,12481.009766,12469.070313
2007-03-27,12461.139648,12481.009766,12469.070313,12397.290039
2007-03-28,12481.009766,12469.070313,12397.290039,12300.360352
2007-03-29,12469.070313,12397.290039,12300.360352,12348.75
2007-03-30,12397.290039,12300.360352,12348.75,12354.349609
2007-04-02,12300.360352,12348.75,12354.349609,12382.299805
2007-04-03,12348.75,12354.349609,12382.299805,12510.299805
2007-04-04,12354.349609,12382.299805,12510.299805,12530.049805
2007-04-05,12382.299805,12510.299805,12530.049805,12560.200195
2007-04-09,12510.299805,12530.049805,12560.200195,12569.139648
2007-04-10,12530.049805,12560.200195,12569.139648,12573.849609
2007-04-11,12560.200195,12569.139648,12573.849609,12484.620117
2007-04-12,12569.139648,12573.849609,12484.620117,12552.959961
2007-04-13,12573.849609,12484.620117,12552.959961,12612.129883
2007-04-16,12484.620117,12552.959961,12612.129883,12720.459961
2007-04-17,12552.959961,12612.129883,12720.459961,12773.040039
2007-04-18,12612.129883,12720.459961,12773.040039,12803.839844
2007-04-19,12720.459961,12773.040039,12803.839844,12808.629883
2007-04-20,12773.040039,12803.839844,12808.629883,12961.980469
2007-04-23,12803.839844,12808.629883,12961.980469,12919.400391
2007-04-24,12808.629883,12961.980469,12919.400391,12953.94043
2007-04-25,12961.980469,12919.400391,12953.94043,13089.889648
2007-04-26,12919.400391,12953.94043,13089.889648,13105.5
2007-04-27,12953.94043,13089.889648,13105.5,13120.94043
2007-04-30,13089.889648,13105.5,13120.94043,13062.910156
2007-05-01,13105.5,13120.94043,13062.910156,13136.139648
2007-05-02,13120.94043,13062.910156,13136.139648,13211.879883
2007-05-03,13062.910156,13136.139648,13211.879883,13241.379883
2007-05-04,13136.139648,13211.879883,13241.379883,13264.620117
2007-05-07,13211.879883,13241.379883,13264.620117,13312.969727
2007-05-08,13241.379883,13264.620117,13312.969727,13309.070313
2007-05-09,13264.620117,13312.969727,13309.070313,13362.870117
2007-05-10,13312.969727,13309.070313,13362.870117,13215.129883
2007-05-11,13309.070313,13362.870117,13215.129883,13326.219727
2007-05-14,13362.870117,13215.129883,13326.219727,13346.780273
2007-05-15,13215.129883,13326.219727,13346.780273,13383.839844
2007-05-16,13326.219727,13346.780273,13383.839844,13487.530273
2007-05-17,13346.780273,13383.839844,13487.530273,13476.719727
2007-05-18,13383.839844,13487.530273,13476.719727,13556.530273
2007-05-21,13487.530273,13476.719727,13556.530273,13542.879883
2007-05-22,13476.719727,13556.530273,13542.879883,13539.950195
2007-05-23,13556.530273,13542.879883,13539.950195,13525.650391
2007-05-24,13542.879883,13539.950195,13525.650391,13441.129883
2007-05-25,13539.950195,13525.650391,13441.129883,13507.280273
2007-05-29,13525.650391,13441.129883,13507.280273,13521.339844
2007-05-30,13441.129883,13507.280273,13521.339844,13633.080078
2007-05-31,13507.280273,13521.339844,13633.080078,13627.639648
2007-06-01,13521.339844,13633.080078,13627.639648,13668.110352
2007-06-04,13633.080078,13627.639648,13668.110352,13676.320313
2007-06-05,13627.639648,13668.110352,13676.320313,13595.459961
2007-06-06,13668.110352,13676.320313,13595.459961,13465.669922
2007-06-07,13676.320313,13595.459961,13465.669922,13266.730469
2007-06-08,13595.459961,13465.669922,13266.730469,13424.389648
2007-06-11,13465.669922,13266.730469,13424.389648,13424.959961
2007-06-12,13266.730469,13424.389648,13424.959961,13295.009766
2007-06-13,13424.389648,13424.959961,13295.009766,13482.349609
2007-06-14,13424.959961,13295.009766,13482.349609,13553.730469
2007-06-15,13295.009766,13482.349609,13553.730469,13639.480469
2007-06-18,13482.349609,13553.730469,13639.480469,13612.980469
2007-06-19,13553.730469,13639.480469,13612.980469,13635.419922
2007-06-20,13639.480469,13612.980469,13635.419922,13489.419922
2007-06-21,13612.980469,13635.419922,13489.419922,13545.839844
2007-06-22,13635.419922,13489.419922,13545.839844,13360.259766
2007-06-25,13489.419922,13545.839844,13360.259766,13352.049805
2007-06-26,13545.839844,13360.259766,13352.049805,13337.660156
2007-06-27,13360.259766,13352.049805,13337.660156,13427.730469
2007-06-28,13352.049805,13337.660156,13427.730469,13422.280273
2007-06-29,13337.660156,13427.730469,13422.280273,13408.620117
2007-07-02,13427.730469,13422.280273,13408.620117,13535.429688
2007-07-03,13422.280273,13408.620117,13535.429688,13577.299805
2007-07-05,13408.620117,13535.429688,13577.299805,13565.839844
2007-07-06,13535.429688,13577.299805,13565.839844,13611.679688
2007-07-09,13577.299805,13565.839844,13611.679688,13649.969727
2007-07-10,13565.839844,13611.679688,13649.969727,13501.700195
2007-07-11,13611.679688,13649.969727,13501.700195,13577.870117
2007-07-12,13649.969727,13501.700195,13577.870117,13861.730469
2007-07-13,13501.700195,13577.870117,13861.730469,13907.25
2007-07-16,13577.870117,13861.730469,13907.25,13950.980469
2007-07-17,13861.730469,13907.25,13950.980469,13971.549805
2007-07-18,13907.25,13950.980469,13971.549805,13918.219727
2007-07-19,13950.980469,13971.549805,13918.219727,14000.410156
2007-07-20,13971.549805,13918.219727,14000.410156,13851.080078
2007-07-23,13918.219727,14000.410156,13851.080078,13943.419922
2007-07-24,14000.410156,13851.080078,13943.419922,13716.950195
2007-07-25,13851.080078,13943.419922,13716.950195,13785.070313
2007-07-26,13943.419922,13716.950195,13785.070313,13473.570313
2007-07-27,13716.950195,13785.070313,13473.570313,13265.469727
2007-07-30,13785.070313,13473.570313,13265.469727,13358.30957
2007-07-31,13473.570313,13265.469727,13358.30957,13211.990234
2007-08-01,13265.469727,13358.30957,13211.990234,13362.370117
2007-08-02,13358.30957,13211.990234,13362.370117,13463.330078
2007-08-03,13211.990234,13362.370117,13463.330078,13181.910156
2007-08-06,13362.370117,13463.330078,13181.910156,13468.780273
2007-08-07,13463.330078,13181.910156,13468.780273,13504.299805
2007-08-08,13181.910156,13468.780273,13504.299805,13657.860352
2007-08-09,13468.780273,13504.299805,13657.860352,13270.679688
2007-08-10,13504.299805,13657.860352,13270.679688,13239.540039
2007-08-13,13657.860352,13270.679688,13239.540039,13236.530273
2007-08-14,13270.679688,13239.540039,13236.530273,13028.919922
2007-08-15,13239.540039,13236.530273,13028.919922,12861.469727
2007-08-16,13236.530273,13028.919922,12861.469727,12845.780273
2007-08-17,13028.919922,12861.469727,12845.780273,13079.080078
2007-08-20,12861.469727,12845.780273,13079.080078,13121.349609
2007-08-21,12845.780273,13079.080078,13121.349609,13090.860352
2007-08-22,13079.080078,13121.349609,13090.860352,13236.129883
2007-08-23,13121.349609,13090.860352,13236.129883,13235.879883
2007-08-24,13090.860352,13236.129883,13235.879883,13378.870117
2007-08-27,13236.129883,13235.879883,13378.870117,13322.129883
2007-08-28,13235.879883,13378.870117,13322.129883,13041.849609
2007-08-29,13378.870117,13322.129883,13041.849609,13289.290039
2007-08-30,13322.129883,13041.849609,13289.290039,13238.730469
2007-08-31,13041.849609,13289.290039,13238.730469,13357.740234
2007-09-04,13289.290039,13238.730469,13357.740234,13448.860352
2007-09-05,13238.730469,13357.740234,13448.860352,13305.469727
2007-09-06,13357.740234,13448.860352,13305.469727,13363.349609
2007-09-07,13448.860352,13305.469727,13363.349609,13113.379883
2007-09-10,13305.469727,13363.349609,13113.379883,13127.849609
2007-09-11,13363.349609,13113.379883,13127.849609,13308.389648
2007-09-12,13113.379883,13127.849609,13308.389648,13291.650391
2007-09-13,13127.849609,13308.389648,13291.650391,13424.879883
2007-09-14,13308.389648,13291.650391,13424.879883,13442.519531
2007-09-17,13291.650391,13424.879883,13442.519531,13403.419922
2007-09-18,13424.879883,13442.519531,13403.419922,13739.389648
2007-09-19,13442.519531,13403.419922,13739.389648,13815.55957
2007-09-20,13403.419922,13739.389648,13815.55957,13766.700195
2007-09-21,13739.389648,13815.55957,13766.700195,13820.19043
2007-09-24,13815.55957,13766.700195,13820.19043,13759.05957
2007-09-25,13766.700195,13820.19043,13759.05957,13778.650391
2007-09-26,13820.19043,13759.05957,13778.650391,13878.150391
2007-09-27,13759.05957,13778.650391,13878.150391,13912.94043
2007-09-28,13778.650391,13878.150391,13912.94043,13895.629883
2007-10-01,13878.150391,13912.94043,13895.629883,14087.549805
2007-10-02,13912.94043,13895.629883,14087.549805,14047.30957
2007-10-03,13895.629883,14087.549805,14047.30957,13968.049805
2007-10-04,14087.549805,14047.30957,13968.049805,13974.30957
2007-10-05,14047.30957,13968.049805,13974.30957,14066.009766
2007-10-08,13968.049805,13974.30957,14066.009766,14043.730469
2007-10-09,13974.30957,14066.009766,14043.730469,14164.530273
2007-10-10,14066.009766,14043.730469,14164.530273,14078.69043
2007-10-11,14043.730469,14164.530273,14078.69043,14015.120117
2007-10-12,14164.530273,14078.69043,14015.120117,14093.080078
2007-10-15,14078.69043,14015.120117,14093.080078,13984.799805
2007-10-16,14015.120117,14093.080078,13984.799805,13912.94043
2007-10-17,14093.080078,13984.799805,13912.94043,13892.540039
2007-10-18,13984.799805,13912.94043,13892.540039,13888.959961
2007-10-19,13912.94043,13892.540039,13888.959961,13522.019531
2007-10-22,13892.540039,13888.959961,13522.019531,13566.969727
2007-10-23,13888.959961,13522.019531,13566.969727,13676.230469
2007-10-24,13522.019531,13566.969727,13676.230469,13675.25
2007-10-25,13566.969727,13676.230469,13675.25,13671.919922
2007-10-26,13676.230469,13675.25,13671.919922,13806.700195
2007-10-29,13675.25,13671.919922,13806.700195,13870.259766
2007-10-30,13671.919922,13806.700195,13870.259766,13792.469727
2007-10-31,13806.700195,13870.259766,13792.469727,13930.009766
2007-11-01,13870.259766,13792.469727,13930.009766,13567.870117
2007-11-02,13792.469727,13930.009766,13567.870117,13595.099609
2007-11-05,13930.009766,13567.870117,13595.099609,13543.400391
2007-11-06,13567.870117,13595.099609,13543.400391,13660.94043
2007-11-07,13595.099609,13543.400391,13660.94043,13300.019531
2007-11-08,13543.400391,13660.94043,13300.019531,13266.290039
2007-11-09,13660.94043,13300.019531,13266.290039,13042.740234
2007-11-12,13300.019531,13266.290039,13042.740234,12987.549805
2007-11-13,13266.290039,13042.740234,12987.549805,13307.089844
2007-11-14,13042.740234,12987.549805,13307.089844,13231.009766
2007-11-15,12987.549805,13307.089844,13231.009766,13110.049805
2007-11-16,13307.089844,13231.009766,13110.049805,13176.790039
2007-11-19,13231.009766,13110.049805,13176.790039,12958.44043
2007-11-20,13110.049805,13176.790039,12958.44043,13010.139648
2007-11-21,13176.790039,12958.44043,13010.139648,12799.040039
2007-11-23,12958.44043,13010.139648,12799.040039,12980.879883
2007-11-26,13010.139648,12799.040039,12980.879883,12743.44043
2007-11-27,12799.040039,12980.879883,12743.44043,12958.44043
2007-11-28,12980.879883,12743.44043,12958.44043,13289.450195
2007-11-29,12743.44043,12958.44043,13289.450195,13311.730469
2007-11-30,12958.44043,13289.450195,13311.730469,13371.719727
2007-12-03,13289.450195,13311.730469,13371.719727,13314.570313
2007-12-04,13311.730469,13371.719727,13314.570313,13248.730469
2007-12-05,13371.719727,13314.570313,13248.730469,13444.959961
2007-12-06,13314.570313,13248.730469,13444.959961,13619.889648
2007-12-07,13248.730469,13444.959961,13619.889648,13625.580078
2007-12-10,13444.959961,13619.889648,13625.580078,13727.030273
2007-12-11,13619.889648,13625.580078,13727.030273,13432.769531
2007-12-12,13625.580078,13727.030273,13432.769531,13473.900391
2007-12-13,13727.030273,13432.769531,13473.900391,13517.959961
2007-12-14,13432.769531,13473.900391,13517.959961,13339.849609
2007-12-17,13473.900391,13517.959961,13339.849609,13167.200195
2007-12-18,13517.959961,13339.849609,13167.200195,13232.469727
2007-12-19,13339.849609,13167.200195,13232.469727,13207.269531
2007-12-20,13167.200195,13232.469727,13207.269531,13245.639648
2007-12-21,13232.469727,13207.269531,13245.639648,13450.650391
2007-12-24,13207.269531,13245.639648,13450.650391,13550.040039
2007-12-26,13245.639648,13450.650391,13550.040039,13551.69043
2007-12-27,13450.650391,13550.040039,13551.69043,13359.610352
2007-12-28,13550.040039,13551.69043,13359.610352,13365.870117
2007-12-31,13551.69043,13359.610352,13365.870117,13264.820313
2008-01-02,13359.610352,13365.870117,13264.820313,13043.959961
2008-01-03,13365.870117,13264.820313,13043.959961,13056.719727
2008-01-04,13264.820313,13043.959961,13056.719727,12800.179688
2008-01-07,13043.959961,13056.719727,12800.179688,12827.490234
2008-01-08,13056.719727,12800.179688,12827.490234,12589.070313
2008-01-09,12800.179688,12827.490234,12589.070313,12735.30957
2008-01-10,12827.490234,12589.070313,12735.30957,12853.089844
2008-01-11,12589.070313,12735.30957,12853.089844,12606.299805
2008-01-14,12735.30957,12853.089844,12606.299805,12778.150391
2008-01-15,12853.089844,12606.299805,12778.150391,12501.110352
2008-01-16,12606.299805,12778.150391,12501.110352,12466.160156
2008-01-17,12778.150391,12501.110352,12466.160156,12159.209961
2008-01-18,12501.110352,12466.160156,12159.209961,12099.299805
2008-01-22,12466.160156,12159.209961,12099.299805,11971.19043
2008-01-23,12159.209961,12099.299805,11971.19043,12270.169922
2008-01-24,12099.299805,11971.19043,12270.169922,12378.610352
2008-01-25,11971.19043,12270.169922,12378.610352,12207.169922
2008-01-28,12270.169922,12378.610352,12207.169922,12383.889648
2008-01-29,12378.610352,12207.169922,12383.889648,12480.299805
2008-01-30,12207.169922,12383.889648,12480.299805,12442.830078
2008-01-31,12383.889648,12480.299805,12442.830078,12650.360352
2008-02-01,12480.299805,12442.830078,12650.360352,12743.19043
2008-02-04,12442.830078,12650.360352,12743.19043,12635.160156
2008-02-05,12650.360352,12743.19043,12635.160156,12265.129883
2008-02-06,12743.19043,12635.160156,12265.129883,12200.099609
2008-02-07,12635.160156,12265.129883,12200.099609,12247
2008-02-08,12265.129883,12200.099609,12247,12182.129883
2008-02-11,12200.099609,12247,12182.129883,12240.009766
2008-02-12,12247,12182.129883,12240.009766,12373.410156
2008-02-13,12182.129883,12240.009766,12373.410156,12552.240234
2008-02-14,12240.009766,12373.410156,12552.240234,12376.980469
2008-02-15,12373.410156,12552.240234,12376.980469,12348.209961
2008-02-19,12552.240234,12376.980469,12348.209961,12337.219727
2008-02-20,12376.980469,12348.209961,12337.219727,12427.259766
2008-02-21,12348.209961,12337.219727,12427.259766,12284.299805
2008-02-22,12337.219727,12427.259766,12284.299805,12381.019531
2008-02-25,12427.259766,12284.299805,12381.019531,12570.219727
2008-02-26,12284.299805,12381.019531,12570.219727,12684.919922
2008-02-27,12381.019531,12570.219727,12684.919922,12694.280273
2008-02-28,12570.219727,12684.919922,12694.280273,12582.179688
2008-02-29,12684.919922,12694.280273,12582.179688,12266.389648
2008-03-03,12694.280273,12582.179688,12266.389648,12258.900391
2008-03-04,12582.179688,12266.389648,12258.900391,12213.799805
2008-03-05,12266.389648,12258.900391,12213.799805,12254.990234
2008-03-06,12258.900391,12213.799805,12254.990234,12040.389648
2008-03-07,12213.799805,12254.990234,12040.389648,11893.69043
2008-03-10,12254.990234,12040.389648,11893.69043,11740.150391
2008-03-11,12040.389648,11893.69043,11740.150391,12156.80957
2008-03-12,11893.69043,11740.150391,12156.80957,12110.240234
2008-03-13,11740.150391,12156.80957,12110.240234,12145.740234
2008-03-14,12156.80957,12110.240234,12145.740234,11951.089844
2008-03-17,12110.240234,12145.740234,11951.089844,11972.25
2008-03-18,12145.740234,11951.089844,11972.25,12392.660156
2008-03-19,11951.089844,11972.25,12392.660156,12099.660156
2008-03-20,11972.25,12392.660156,12099.660156,12361.320313
2008-03-24,12392.660156,12099.660156,12361.320313,12548.639648
2008-03-25,12099.660156,12361.320313,12548.639648,12532.599609
2008-03-26,12361.320313,12548.639648,12532.599609,12422.860352
2008-03-27,12548.639648,12532.599609,12422.860352,12302.459961
2008-03-28,12532.599609,12422.860352,12302.459961,12216.400391
2008-03-31,12422.860352,12302.459961,12216.400391,12262.889648
2008-04-01,12302.459961,12216.400391,12262.889648,12654.360352
2008-04-02,12216.400391,12262.889648,12654.360352,12608.919922
2008-04-03,12262.889648,12654.360352,12608.919922,12626.030273
2008-04-04,12654.360352,12608.919922,12626.030273,12609.419922
2008-04-07,12608.919922,12626.030273,12609.419922,12612.429688
2008-04-08,12626.030273,12609.419922,12612.429688,12576.44043
2008-04-09,12609.419922,12612.429688,12576.44043,12527.259766
2008-04-10,12612.429688,12576.44043,12527.259766,12581.980469
2008-04-11,12576.44043,12527.259766,12581.980469,12325.419922
2008-04-14,12527.259766,12581.980469,12325.419922,12302.05957
2008-04-15,12581.980469,12325.419922,12302.05957,12362.469727
2008-04-16,12325.419922,12302.05957,12362.469727,12619.269531
2008-04-17,12302.05957,12362.469727,12619.269531,12620.490234
2008-04-18,12362.469727,12619.269531,12620.490234,12849.360352
2008-04-21,12619.269531,12620.490234,12849.360352,12825.019531
2008-04-22,12620.490234,12849.360352,12825.019531,12720.230469
2008-04-23,12849.360352,12825.019531,12720.230469,12763.219727
2008-04-24,12825.019531,12720.230469,12763.219727,12848.950195
2008-04-25,12720.230469,12763.219727,12848.950195,12891.860352
2008-04-28,12763.219727,12848.950195,12891.860352,12871.75
2008-04-29,12848.950195,12891.860352,12871.75,12831.94043
2008-04-30,12891.860352,12871.75,12831.94043,12820.129883
2008-05-01,12871.75,12831.94043,12820.129883,13010
2008-05-02,12831.94043,12820.129883,13010,13058.200195
2008-05-05,12820.129883,13010,13058.200195,12969.540039
2008-05-06,13010,13058.200195,12969.540039,13020.830078
2008-05-07,13058.200195,12969.540039,13020.830078,12814.349609
2008-05-08,12969.540039,13020.830078,12814.349609,12866.780273
2008-05-09,13020.830078,12814.349609,12866.780273,12745.879883
2008-05-12,12814.349609,12866.780273,12745.879883,12876.30957
2008-05-13,12866.780273,12745.879883,12876.30957,12832.179688
2008-05-14,12745.879883,12876.30957,12832.179688,12898.379883
2008-05-15,12876.30957,12832.179688,12898.379883,12992.660156
2008-05-16,12832.179688,12898.379883,12992.660156,12986.799805
2008-05-19,12898.379883,12992.660156,12986.799805,13028.160156
2008-05-20,12992.660156,12986.799805,13028.160156,12828.679688
2008-05-21,12986.799805,13028.160156,12828.679688,12601.19043
2008-05-22,13028.160156,12828.679688,12601.19043,12625.620117
2008-05-23,12828.679688,12601.19043,12625.620117,12479.629883
2008-05-27,12601.19043,12625.620117,12479.629883,12548.349609
2008-05-28,12625.620117,12479.629883,12548.349609,12594.030273
2008-05-29,12479.629883,12548.349609,12594.030273,12646.219727
2008-05-30,12548.349609,12594.030273,12646.219727,12638.320313
2008-06-02,12594.030273,12646.219727,12638.320313,12503.820313
2008-06-03,12646.219727,12638.320313,12503.820313,12402.849609
2008-06-04,12638.320313,12503.820313,12402.849609,12390.480469
2008-06-05,12503.820313,12402.849609,12390.480469,12604.450195
2008-06-06,12402.849609,12390.480469,12604.450195,12209.80957
2008-06-09,12390.480469,12604.450195,12209.80957,12280.320313
2008-06-10,12604.450195,12209.80957,12280.320313,12289.759766
2008-06-11,12209.80957,12280.320313,12289.759766,12083.769531
2008-06-12,12280.320313,12289.759766,12083.769531,12141.580078
2008-06-13,12289.759766,12083.769531,12141.580078,12307.349609
2008-06-16,12083.769531,12141.580078,12307.349609,12269.080078
2008-06-17,12141.580078,12307.349609,12269.080078,12160.299805
2008-06-18,12307.349609,12269.080078,12160.299805,12029.05957
2008-06-19,12269.080078,12160.299805,12029.05957,12063.089844
2008-06-20,12160.299805,12029.05957,12063.089844,11842.69043
2008-06-23,12029.05957,12063.089844,11842.69043,11842.360352
2008-06-24,12063.089844,11842.69043,11842.360352,11807.429688
2008-06-25,11842.69043,11842.360352,11807.429688,11811.830078
2008-06-26,11842.360352,11807.429688,11811.830078,11453.419922
2008-06-27,11807.429688,11811.830078,11453.419922,11346.509766
2008-06-30,11811.830078,11453.419922,11346.509766,11350.009766
2008-07-01,11453.419922,11346.509766,11350.009766,11382.259766
2008-07-02,11346.509766,11350.009766,11382.259766,11215.509766
2008-07-03,11350.009766,11382.259766,11215.509766,11288.540039
2008-07-07,11382.259766,11215.509766,11288.540039,11231.959961
2008-07-08,11215.509766,11288.540039,11231.959961,11384.209961
2008-07-09,11288.540039,11231.959961,11384.209961,11147.44043
2008-07-10,11231.959961,11384.209961,11147.44043,11229.019531
2008-07-11,11384.209961,11147.44043,11229.019531,11100.540039
2008-07-14,11147.44043,11229.019531,11100.540039,11055.19043
2008-07-15,11229.019531,11100.540039,11055.19043,10962.540039
2008-07-16,11100.540039,11055.19043,10962.540039,11239.280273
2008-07-17,11055.19043,10962.540039,11239.280273,11446.660156
2008-07-18,10962.540039,11239.280273,11446.660156,11496.570313
2008-07-21,11239.280273,11446.660156,11496.570313,11467.339844
2008-07-22,11446.660156,11496.570313,11467.339844,11602.5
2008-07-23,11496.570313,11467.339844,11602.5,11632.379883
2008-07-24,11467.339844,11602.5,11632.379883,11349.280273
2008-07-25,11602.5,11632.379883,11349.280273,11370.69043
2008-07-28,11632.379883,11349.280273,11370.69043,11131.080078
2008-07-29,11349.280273,11370.69043,11131.080078,11397.55957
2008-07-30,11370.69043,11131.080078,11397.55957,11583.69043
2008-07-31,11131.080078,11397.55957,11583.69043,11378.019531
2008-08-01,11397.55957,11583.69043,11378.019531,11326.320313
2008-08-04,11583.69043,11378.019531,11326.320313,11284.150391
2008-08-05,11378.019531,11326.320313,11284.150391,11615.769531
2008-08-06,11326.320313,11284.150391,11615.769531,11656.070313
2008-08-07,11284.150391,11615.769531,11656.070313,11431.429688
2008-08-08,11615.769531,11656.070313,11431.429688,11734.320313
2008-08-11,11656.070313,11431.429688,11734.320313,11782.349609
2008-08-12,11431.429688,11734.320313,11782.349609,11642.469727
2008-08-13,11734.320313,11782.349609,11642.469727,11532.959961
2008-08-14,11782.349609,11642.469727,11532.959961,11615.929688
2008-08-15,11642.469727,11532.959961,11615.929688,11659.900391
2008-08-18,11532.959961,11615.929688,11659.900391,11479.389648
2008-08-19,11615.929688,11659.900391,11479.389648,11348.549805
2008-08-20,11659.900391,11479.389648,11348.549805,11417.429688
2008-08-21,11479.389648,11348.549805,11417.429688,11430.209961
2008-08-22,11348.549805,11417.429688,11430.209961,11628.05957
2008-08-25,11417.429688,11430.209961,11628.05957,11386.25
2008-08-26,11430.209961,11628.05957,11386.25,11412.870117
2008-08-27,11628.05957,11386.25,11412.870117,11502.509766
2008-08-28,11386.25,11412.870117,11502.509766,11715.179688
2008-08-29,11412.870117,11502.509766,11715.179688,11543.959961
2008-09-02,11502.509766,11715.179688,11543.959961,11516.919922
2008-09-03,11715.179688,11543.959961,11516.919922,11532.879883
2008-09-04,11543.959961,11516.919922,11532.879883,11188.230469
2008-09-05,11516.919922,11532.879883,11188.230469,11220.959961
2008-09-08,11532.879883,11188.230469,11220.959961,11510.740234
2008-09-09,11188.230469,11220.959961,11510.740234,11230.730469
2008-09-10,11220.959961,11510.740234,11230.730469,11268.919922
2008-09-11,11510.740234,11230.730469,11268.919922,11433.709961
2008-09-12,11230.730469,11268.919922,11433.709961,11421.990234
2008-09-15,11268.919922,11433.709961,11421.990234,10917.509766
2008-09-16,11433.709961,11421.990234,10917.509766,11059.019531
2008-09-17,11421.990234,10917.509766,11059.019531,10609.660156
2008-09-18,10917.509766,11059.019531,10609.660156,11019.69043
2008-09-19,11059.019531,10609.660156,11019.69043,11388.44043
2008-09-22,10609.660156,11019.69043,11388.44043,11015.69043
2008-09-23,11019.69043,11388.44043,11015.69043,10854.169922
2008-09-24,11388.44043,11015.69043,10854.169922,10825.169922
2008-09-25,11015.69043,10854.169922,10825.169922,11022.05957
2008-09-26,10854.169922,10825.169922,11022.05957,11143.129883
2008-09-29,10825.169922,11022.05957,11143.129883,10365.450195
2008-09-30,11022.05957,11143.129883,10365.450195,10850.660156
2008-10-01,11143.129883,10365.450195,10850.660156,10831.070313
2008-10-02,10365.450195,10850.660156,10831.070313,10482.849609
2008-10-03,10850.660156,10831.070313,10482.849609,10325.379883
2008-10-06,10831.070313,10482.849609,10325.379883,9955.5
2008-10-07,10482.849609,10325.379883,9955.5,9447.110352
2008-10-08,10325.379883,9955.5,9447.110352,9258.099609
2008-10-09,9955.5,9447.110352,9258.099609,8579.19043
2008-10-10,9447.110352,9258.099609,8579.19043,8451.19043
2008-10-13,9258.099609,8579.19043,8451.19043,9387.610352
2008-10-14,8579.19043,8451.19043,9387.610352,9310.990234
2008-10-15,8451.19043,9387.610352,9310.990234,8577.910156
2008-10-16,9387.610352,9310.990234,8577.910156,8979.259766
2008-10-17,9310.990234,8577.910156,8979.259766,8852.219727
2008-10-20,8577.910156,8979.259766,8852.219727,9265.429688
2008-10-21,8979.259766,8852.219727,9265.429688,9033.660156
2008-10-22,8852.219727,9265.429688,9033.660156,8519.209961
2008-10-23,9265.429688,9033.660156,8519.209961,8691.25
2008-10-24,9033.660156,8519.209961,8691.25,8378.950195
2008-10-27,8519.209961,8691.25,8378.950195,8175.77002
2008-10-28,8691.25,8378.950195,8175.77002,9065.120117
2008-10-29,8378.950195,8175.77002,9065.120117,8990.959961
2008-10-30,8175.77002,9065.120117,8990.959961,9180.69043
2008-10-31,9065.120117,8990.959961,9180.69043,9325.009766
2008-11-03,8990.959961,9180.69043,9325.009766,9319.830078
2008-11-04,9180.69043,9325.009766,9319.830078,9625.280273
2008-11-05,9325.009766,9319.830078,9625.280273,9139.269531
2008-11-06,9319.830078,9625.280273,9139.269531,8695.790039
2008-11-07,9625.280273,9139.269531,8695.790039,8943.80957
2008-11-10,9139.269531,8695.790039,8943.80957,8870.540039
2008-11-11,8695.790039,8943.80957,8870.540039,8693.959961
2008-11-12,8943.80957,8870.540039,8693.959961,8282.660156
2008-11-13,8870.540039,8693.959961,8282.660156,8835.25
2008-11-14,8693.959961,8282.660156,8835.25,8497.30957
2008-11-17,8282.660156,8835.25,8497.30957,8273.580078
2008-11-18,8835.25,8497.30957,8273.580078,8424.75
2008-11-19,8497.30957,8273.580078,8424.75,7997.279785
2008-11-20,8273.580078,8424.75,7997.279785,7552.290039
2008-11-21,8424.75,7997.279785,7552.290039,8046.419922
2008-11-24,7997.279785,7552.290039,8046.419922,8443.389648
2008-11-25,7552.290039,8046.419922,8443.389648,8479.469727
2008-11-26,8046.419922,8443.389648,8479.469727,8726.610352
2008-11-28,8443.389648,8479.469727,8726.610352,8829.040039
2008-12-01,8479.469727,8726.610352,8829.040039,8149.089844
2008-12-02,8726.610352,8829.040039,8149.089844,8419.089844
2008-12-03,8829.040039,8149.089844,8419.089844,8591.69043
2008-12-04,8149.089844,8419.089844,8591.69043,8376.240234
2008-12-05,8419.089844,8591.69043,8376.240234,8635.419922
2008-12-08,8591.69043,8376.240234,8635.419922,8934.179688
2008-12-09,8376.240234,8635.419922,8934.179688,8691.330078
2008-12-10,8635.419922,8934.179688,8691.330078,8761.419922
2008-12-11,8934.179688,8691.330078,8761.419922,8565.089844
2008-12-12,8691.330078,8761.419922,8565.089844,8629.679688
2008-12-15,8761.419922,8565.089844,8629.679688,8564.530273
2008-12-16,8565.089844,8629.679688,8564.530273,8924.139648
2008-12-17,8629.679688,8564.530273,8924.139648,8824.339844
2008-12-18,8564.530273,8924.139648,8824.339844,8604.990234
2008-12-19,8924.139648,8824.339844,8604.990234,8579.110352
2008-12-22,8824.339844,8604.990234,8579.110352,8519.69043
2008-12-23,8604.990234,8579.110352,8519.69043,8419.490234
2008-12-24,8579.110352,8519.69043,8419.490234,8468.480469
2008-12-26,8519.69043,8419.490234,8468.480469,8515.549805
2008-12-29,8419.490234,8468.480469,8515.549805,8483.929688
2008-12-30,8468.480469,8515.549805,8483.929688,8668.389648
2008-12-31,8515.549805,8483.929688,8668.389648,8776.389648
2009-01-02,8483.929688,8668.389648,8776.389648,9034.69043
2009-01-05,8668.389648,8776.389648,9034.69043,8952.889648
2009-01-06,8776.389648,9034.69043,8952.889648,9015.099609
2009-01-07,9034.69043,8952.889648,9015.099609,8769.700195
2009-01-08,8952.889648,9015.099609,8769.700195,8742.459961
2009-01-09,9015.099609,8769.700195,8742.459961,8599.179688
2009-01-12,8769.700195,8742.459961,8599.179688,8473.969727
2009-01-13,8742.459961,8599.179688,8473.969727,8448.55957
2009-01-14,8599.179688,8473.969727,8448.55957,8200.139648
2009-01-15,8473.969727,8448.55957,8200.139648,8212.490234
2009-01-16,8448.55957,8200.139648,8212.490234,8281.219727
2009-01-20,8200.139648,8212.490234,8281.219727,7949.089844
2009-01-21,8212.490234,8281.219727,7949.089844,8228.099609
2009-01-22,8281.219727,7949.089844,8228.099609,8122.799805
2009-01-23,7949.089844,8228.099609,8122.799805,8077.560059
2009-01-26,8228.099609,8122.799805,8077.560059,8116.029785
2009-01-27,8122.799805,8077.560059,8116.029785,8174.72998
2009-01-28,8077.560059,8116.029785,8174.72998,8375.450195
2009-01-29,8116.029785,8174.72998,8375.450195,8149.009766
2009-01-30,8174.72998,8375.450195,8149.009766,8000.859863
2009-02-02,8375.450195,8149.009766,8000.859863,7936.75
2009-02-03,8149.009766,8000.859863,7936.75,8078.359863
2009-02-04,8000.859863,7936.75,8078.359863,7956.660156
2009-02-05,7936.75,8078.359863,7956.660156,8063.069824
2009-02-06,8078.359863,7956.660156,8063.069824,8280.589844
2009-02-09,7956.660156,8063.069824,8280.589844,8270.870117
2009-02-10,8063.069824,8280.589844,8270.870117,7888.879883
2009-02-11,8280.589844,8270.870117,7888.879883,7939.529785
2009-02-12,8270.870117,7888.879883,7939.529785,7932.759766
2009-02-13,7888.879883,7939.529785,7932.759766,7850.410156
2009-02-17,7939.529785,7932.759766,7850.410156,7552.600098
2009-02-18,7932.759766,7850.410156,7552.600098,7555.629883
2009-02-19,7850.410156,7552.600098,7555.629883,7465.950195
2009-02-20,7552.600098,7555.629883,7465.950195,7365.669922
