"Week","investment","growth","derivatives","crisis","unemployment","banking","dow","economy","stocks","economics","hedge","invest","profit","leverage","risk","revenue","nasdaq","metals","politics","consumption","cash","dividend","finance","portfolio","conflict","oil","fed","gain","short","energy","credit","loss","earnings","stock","transaction","housing","nyse","success","bubble","trader","environment","greed","opportunity","inflation","money","sell","returns","society","chance","present","world","rich","war","return","markets","crash","freedom","office","headlines","house","culture","arts","buy","ore","food","bonds","tourism","holiday","health","train","fine","gold","marriage","water","cancer","car","debt","travel","happy","forex","restaurant","default","ring","lifestyle","labor","fond","religion","financial","rare","home","kitchen","garden","fun","movie","consume","gains"
2013-01-27,86,77,54,53,73,81,12,81,56,91,58,31,86,49,83,76,43,69,19,62,40,89,69,80,71,61,57,52,86,88,79,79,53,13,65,84,15,63,80,60,78,52,98,71,74,74,92,86,20,52,20,51,43,72,47,36,54,82,39,68,31,47,50,71,66,84,81,18,76,55,47,50,21,59,62,66,40,66,34,55,66,66,63,37,18,55,68,33,23,72,60,64,78,52,76,48
2013-02-03,82,77,59,53,64,82,10,79,52,87,58,33,84,46,82,88,42,72,17,65,39,79,69,76,72,58,53,48,69,88,76,79,45,14,65,80,15,64,78,58,79,61,92,72,70,72,83,87,20,54,20,48,46,75,43,24,55,80,39,66,33,45,49,73,65,84,85,19,73,53,49,49,22,57,61,66,39,68,34,55,63,66,67,37,17,51,68,29,16,70,62,64,84,50,61,46
2013-02-10,81,75,62,49,60,85,9,73,53,82,59,31,80,52,77,86,38,71,19,67,37,84,67,77,71,58,52,50,95,87,75,76,40,13,65,76,16,61,79,58,75,62,88,73,68,71,67,89,20,58,19,48,43,67,46,22,52,78,39,67,31,45,51,65,63,80,83,23,69,54,49,49,23,60,62,67,39,64,50,57,78,65,66,36,17,56,70,31,20,69,65,73,100,53,75,46
2013-02-17,83,76,58,59,60,84,9,77,50,81,67,33,82,49,83,84,35,71,18,66,37,76,65,74,65,63,51,50,59,84,75,82,35,14,61,81,14,63,76,60,75,73,81,75,69,73,63,88,19,49,20,50,44,67,45,29,52,77,38,71,31,47,51,72,65,77,85,24,72,55,47,52,23,63,64,69,39,68,34,58,69,66,64,39,17,55,72,26,26,70,63,70,85,53,75,52
2013-02-24,84,80,74,64,59,90,11,81,52,80,64,33,86,54,84,82,42,72,20,71,39,82,73,78,76,60,54,51,90,90,76,81,35,14,62,83,13,65,82,57,84,71,77,77,71,71,62,90,17,57,20,49,50,62,47,45,52,77,39,68,33,47,50,74,65,81,89,18,75,54,45,49,22,61,65,71,42,69,34,54,67,64,61,39,17,51,70,26,19,69,60,69,83,52,73,47
2013-03-03,84,79,56,56,59,88,15,79,56,82,61,34,83,56,82,76,44,68,19,72,35,86,70,82,76,61,51,50,71,87,76,82,30,16,65,83,13,61,89,59,83,65,74,76,70,70,57,87,18,53,21,51,50,58,46,23,53,75,40,68,32,48,49,77,67,78,97,20,71,56,47,50,22,62,69,69,38,73,34,63,66,66,61,36,18,54,68,25,7,69,58,74,84,51,62,53
2013-03-10,81,75,54,51,56,88,12,75,53,74,64,32,84,50,77,77,41,66,17,62,36,86,70,78,72,60,49,52,74,84,74,78,29,13,64,82,13,61,93,61,76,74,71,64,69,71,57,89,17,50,22,51,55,58,49,27,51,74,37,67,30,46,49,71,65,74,94,21,72,55,45,49,23,62,65,72,36,69,34,58,69,63,64,36,17,58,75,18,10,69,63,76,85,49,65,49
2013-03-17,83,77,63,61,57,81,11,74,48,80,66,32,83,48,79,74,35,67,17,67,38,82,70,76,74,63,49,55,64,84,74,81,27,13,63,84,13,65,90,62,80,69,72,73,70,73,55,85,19,51,21,51,57,56,47,25,53,73,39,69,30,46,50,69,67,75,94,21,72,54,47,48,25,61,65,70,35,69,35,56,69,63,62,37,18,55,68,24,13,69,61,77,82,50,71,49
2013-03-24,81,73,46,62,57,85,10,69,46,72,63,31,82,55,81,69,38,65,17,64,38,83,65,77,65,63,50,53,85,79,72,78,26,15,58,86,17,57,85,63,68,55,67,72,71,74,56,82,18,44,22,53,53,57,51,22,53,75,37,68,28,45,50,84,67,69,89,24,73,55,47,45,81,61,62,72,36,67,39,48,70,63,59,35,16,57,74,22,17,71,60,78,87,55,64,47
2013-03-31,83,73,48,59,58,84,10,72,45,79,65,31,83,46,80,73,38,70,18,67,38,78,65,78,70,63,48,58,77,85,76,81,28,12,61,90,13,100,82,65,73,61,75,74,67,72,54,84,18,46,20,55,52,56,47,22,50,75,39,69,28,47,50,84,64,73,94,23,73,53,56,45,31,61,66,70,35,66,41,55,65,63,61,37,17,55,72,28,23,72,58,80,83,55,74,51
2013-04-07,86,82,48,65,58,82,11,83,48,85,69,31,91,51,86,95,40,73,19,65,39,81,68,78,78,61,55,64,71,88,76,85,38,13,62,93,12,65,82,64,87,61,80,74,69,75,62,90,17,53,20,56,55,65,48,24,55,76,40,69,32,49,47,78,66,78,91,19,75,55,52,49,28,66,68,70,37,68,35,62,66,63,61,37,19,57,69,26,7,77,59,83,83,51,87,59
2013-04-14,80,80,51,70,56,83,13,79,46,82,76,32,86,45,82,93,36,80,19,72,38,78,69,79,78,62,51,65,67,84,72,78,50,14,59,86,12,61,83,58,83,61,75,78,70,71,63,87,16,52,20,55,51,64,47,22,54,77,43,67,30,48,47,73,64,75,89,19,71,53,51,62,25,65,61,66,37,66,34,53,64,60,59,40,18,54,73,29,22,71,59,84,82,51,79,46
2013-04-21,84,82,55,70,58,82,11,81,47,86,78,29,87,51,88,63,43,72,19,75,41,82,69,82,83,63,49,98,80,85,72,82,61,13,62,92,12,64,84,61,94,58,70,80,68,74,52,89,18,56,20,55,50,45,52,22,56,73,41,71,33,50,47,82,68,81,100,19,75,54,50,50,27,68,64,70,35,67,36,51,67,62,67,39,19,56,76,29,27,73,59,87,82,49,77,44
2013-04-28,84,81,57,70,57,88,11,86,48,89,84,31,84,55,81,59,41,73,20,70,41,85,69,90,82,61,48,100,68,91,75,81,46,13,61,92,14,62,84,62,90,64,74,83,72,77,48,87,22,57,20,54,52,45,52,55,59,76,39,71,34,48,48,83,69,83,97,20,72,53,50,47,26,70,65,72,37,69,37,52,68,64,62,38,20,57,74,35,20,74,58,88,84,50,78,44
2013-05-05,82,77,58,66,55,84,12,78,48,86,79,31,79,46,77,52,42,70,19,65,40,79,68,80,76,61,47,70,62,85,74,78,40,13,60,87,14,57,81,60,82,64,68,77,71,75,45,87,21,54,19,55,50,46,51,30,57,79,42,68,31,47,48,71,65,73,92,19,73,54,51,47,27,67,65,70,33,65,42,54,72,62,65,35,19,62,70,23,13,75,58,88,82,52,67,37
2013-05-12,77,73,46,62,53,81,11,77,48,77,80,30,79,45,76,53,41,67,20,56,39,80,69,84,73,60,47,66,71,82,73,81,31,13,62,83,12,58,83,60,82,61,69,68,71,78,49,81,21,51,21,55,49,43,46,26,53,83,37,69,30,48,48,71,68,73,93,21,69,55,52,47,27,68,68,75,32,69,51,52,71,62,62,36,20,56,63,22,10,77,64,89,84,51,68,38
2013-05-19,72,70,39,54,54,78,11,73,46,63,78,31,74,45,68,47,40,67,18,58,41,66,69,72,67,59,49,59,74,78,73,78,28,13,56,82,14,52,84,60,75,58,64,62,69,75,44,80,21,48,20,54,48,40,50,23,52,77,42,69,27,45,48,72,66,72,97,23,70,59,51,46,23,71,62,74,30,72,37,51,68,59,60,34,20,58,62,17,14,80,59,83,88,55,65,39
2013-05-26,74,67,33,53,56,84,11,67,43,59,77,26,67,41,65,44,33,56,16,51,45,63,63,66,58,62,49,56,82,77,77,79,24,11,55,83,10,52,100,65,67,64,60,57,71,77,43,78,20,44,21,55,50,40,51,29,52,71,42,69,24,46,51,80,67,68,95,24,67,66,52,45,26,72,64,76,30,69,36,61,69,61,62,37,19,61,57,17,10,83,60,90,90,63,51,36
2013-06-02,75,67,30,47,55,84,12,61,41,55,81,26,70,41,73,47,39,58,16,54,40,67,65,74,55,61,50,53,72,74,77,81,21,11,58,84,12,50,87,61,76,61,62,58,69,78,50,76,19,45,21,54,44,39,55,25,53,73,34,68,23,51,48,79,67,71,89,21,68,58,50,44,23,73,77,74,28,70,35,52,66,63,60,35,18,56,52,22,10,77,58,80,82,55,57,38
2013-06-09,71,68,35,46,55,83,11,55,40,50,78,25,72,42,71,46,38,60,16,56,40,66,67,69,51,61,49,53,61,74,77,78,22,10,59,84,10,48,89,60,74,53,61,54,69,80,63,73,19,41,22,57,40,38,52,27,51,75,34,69,22,49,51,78,67,65,93,22,67,60,48,46,22,77,62,79,29,73,36,58,71,64,68,34,20,56,46,16,27,79,59,79,82,59,62,37
2013-06-16,72,64,28,41,54,85,14,48,42,47,73,25,69,40,68,48,38,58,14,47,41,62,69,65,45,64,55,53,60,73,76,77,25,13,58,83,14,45,91,62,55,50,57,58,69,82,63,75,19,37,25,56,52,39,54,28,50,78,34,69,21,45,52,74,66,68,88,23,69,61,48,47,23,77,64,79,28,70,42,56,71,65,79,35,20,52,46,19,10,77,59,80,81,61,56,34
2013-06-23,69,65,30,40,56,84,15,52,38,45,76,26,69,47,67,43,36,60,15,52,41,63,67,66,44,62,50,52,49,75,80,79,24,12,62,82,13,44,89,61,52,53,57,58,73,82,50,74,19,35,23,57,49,40,56,33,56,75,40,72,20,43,52,82,66,67,89,25,71,60,46,50,62,78,61,78,29,70,34,60,69,67,74,34,20,59,47,27,17,79,60,77,81,63,61,33
2013-06-30,60,57,26,39,58,85,10,44,34,38,68,23,60,44,57,37,29,51,13,45,42,56,60,56,44,62,46,51,61,63,79,75,22,11,49,74,16,40,91,65,46,61,48,47,69,78,50,68,19,32,22,55,44,37,57,65,76,70,34,75,19,41,54,79,69,61,93,29,59,62,46,49,29,82,57,77,26,69,39,65,72,60,65,34,20,56,47,17,18,80,60,77,81,70,53,30
2013-07-07,77,68,34,43,60,82,11,51,41,46,81,27,72,52,67,46,42,57,14,49,42,64,68,71,49,65,53,55,77,73,78,83,31,10,59,88,12,45,88,64,49,58,58,54,70,81,51,73,20,35,22,56,35,38,53,100,48,81,35,74,20,45,52,69,66,66,89,23,73,72,46,53,25,78,65,78,30,71,33,64,74,67,66,35,23,57,47,28,14,79,62,75,79,63,55,37
2013-07-14,73,63,31,36,58,84,12,47,41,42,76,26,68,48,71,47,40,57,15,52,41,62,68,67,52,64,48,52,68,73,77,78,48,10,61,85,11,43,87,65,52,56,54,57,76,80,52,71,20,35,21,59,32,39,48,39,47,76,38,72,21,44,50,70,64,69,88,24,73,66,46,52,24,80,74,78,30,71,34,59,77,66,62,36,26,61,46,15,3,82,62,75,80,65,67,35
2013-07-21,74,64,26,39,56,79,10,52,43,45,78,29,73,54,70,46,39,55,14,49,41,67,67,74,50,63,49,50,69,70,79,81,60,9,61,89,11,44,85,63,53,62,55,51,74,84,76,72,21,37,20,65,32,38,52,42,44,80,43,75,21,44,52,70,65,68,88,24,71,83,46,57,25,73,64,80,31,70,33,57,75,64,64,42,28,56,47,19,27,72,65,73,77,66,61,40
2013-07-28,75,64,28,41,56,82,11,49,40,43,72,27,76,42,67,45,43,58,14,52,41,66,67,68,51,63,51,50,59,71,78,80,46,10,59,89,13,46,86,66,47,63,60,53,75,84,63,73,20,35,20,63,31,40,51,34,48,82,37,72,20,45,53,74,65,66,85,23,73,71,47,51,25,72,63,77,30,71,33,60,79,65,64,35,28,51,49,15,20,77,64,74,76,61,56,38
2013-08-04,75,65,27,42,54,81,10,45,41,44,72,28,80,38,63,40,38,56,14,47,41,66,66,67,54,60,50,51,93,68,79,78,43,9,58,89,11,46,84,62,49,67,61,53,70,84,52,71,20,33,21,58,30,39,51,31,44,82,38,71,19,45,52,72,66,64,88,24,72,64,47,46,23,71,60,77,30,71,35,59,76,64,64,34,31,56,47,21,17,72,61,72,76,62,55,36
2013-08-11,73,64,22,41,54,80,11,48,41,48,68,30,74,38,67,42,40,51,15,48,42,61,67,68,54,62,50,63,48,67,80,74,29,10,55,91,10,50,85,63,51,49,59,52,73,84,48,70,18,35,20,58,30,39,48,43,46,85,35,71,21,46,52,72,67,61,81,23,71,63,46,46,22,69,61,77,28,65,33,56,73,64,62,35,36,56,48,14,20,72,61,72,71,59,56,38
2013-08-18,71,64,35,42,54,82,12,54,39,62,72,25,75,40,64,40,99,55,15,50,42,58,65,69,60,60,52,57,73,70,76,76,28,11,57,91,12,53,83,65,60,64,64,50,71,81,48,75,19,37,21,57,32,38,46,28,48,88,35,69,23,47,52,72,62,64,79,21,76,61,47,47,22,66,60,74,30,65,32,58,74,65,60,33,45,58,55,19,30,73,61,70,71,57,59,39
2013-08-25,71,68,39,46,52,81,11,63,38,84,65,25,77,39,65,41,39,62,17,51,41,56,64,71,82,60,50,72,62,72,76,72,25,10,59,82,12,56,82,58,65,57,70,58,69,77,43,75,20,44,19,53,43,38,50,23,48,87,36,67,26,48,49,67,62,69,76,22,72,59,46,45,22,65,60,71,31,59,32,60,69,64,59,36,71,59,59,27,16,72,57,68,68,53,51,36
2013-09-01,69,68,51,48,55,83,9,66,37,86,66,26,78,41,66,42,34,56,19,53,42,61,59,64,95,60,45,73,58,72,74,77,27,9,62,72,11,60,81,61,74,62,68,53,70,80,46,79,22,47,20,52,52,40,49,24,46,79,39,68,29,49,52,68,63,79,68,24,72,55,45,47,22,64,59,73,28,61,33,54,69,61,64,37,86,58,64,30,7,70,62,69,71,57,58,36
2013-09-08,78,74,64,57,55,81,12,78,43,90,68,28,80,48,74,47,42,70,20,63,41,70,66,72,96,59,47,60,68,81,73,76,30,11,59,78,12,68,79,57,84,69,80,66,70,78,49,83,22,55,21,52,44,41,49,23,54,81,43,64,33,47,49,66,62,89,75,20,77,54,47,49,23,66,66,69,33,60,32,54,63,63,64,34,19,54,70,32,3,69,56,64,70,48,64,38
2013-09-15,75,78,66,51,51,76,12,81,55,84,68,35,84,48,78,50,43,79,19,62,40,76,67,71,86,58,61,54,78,82,70,75,34,16,63,75,12,65,79,57,91,63,80,70,75,77,48,82,24,57,20,53,43,43,47,22,52,77,39,67,34,46,50,63,64,88,73,21,79,56,44,48,22,63,66,69,36,57,33,50,64,64,64,34,17,55,72,26,13,70,56,64,73,48,69,44
2013-09-22,84,81,86,50,52,78,11,80,65,91,70,42,84,53,81,49,39,79,21,66,43,67,67,75,84,60,52,55,100,84,74,75,32,21,63,79,12,66,81,57,88,63,80,72,77,78,47,87,35,57,20,55,41,44,49,25,51,75,43,69,36,46,50,66,64,95,77,22,85,57,47,49,23,64,69,72,41,60,33,53,65,69,64,36,17,56,74,28,10,71,57,66,77,50,76,42
2013-09-29,84,79,87,52,66,89,14,84,61,87,70,44,85,51,82,49,43,84,23,68,42,68,70,72,80,59,51,51,86,89,76,76,29,21,60,73,15,62,76,55,84,72,75,70,77,76,46,86,32,59,19,53,39,43,48,28,49,80,43,73,32,43,49,69,65,88,79,22,100,57,47,47,22,61,87,68,63,57,33,49,64,69,63,35,17,54,71,34,13,70,55,62,77,49,70,41
2013-10-06,82,80,84,56,59,80,15,82,54,85,72,40,90,49,83,50,43,78,24,70,43,65,71,75,83,59,52,50,79,86,70,77,32,19,64,73,15,65,78,53,85,72,67,74,78,78,48,84,28,58,19,55,39,45,50,25,52,75,43,71,35,45,48,77,66,88,79,26,84,56,47,47,22,59,84,71,80,57,33,56,63,80,60,36,17,55,71,26,20,69,56,63,73,49,71,42
2013-10-13,84,85,82,59,62,85,15,80,54,92,65,37,90,47,82,53,49,81,25,66,43,71,76,81,78,61,51,51,83,91,73,76,47,20,59,72,17,67,76,58,80,72,69,77,80,77,49,85,26,55,21,57,38,47,49,23,49,77,42,77,35,44,49,78,67,83,75,31,85,60,46,48,22,59,82,69,100,58,36,56,68,88,62,36,17,55,72,25,19,71,61,63,73,52,70,42
2013-10-20,84,81,88,54,57,82,11,77,53,87,68,39,89,52,82,53,48,86,21,65,43,75,70,76,81,62,49,50,74,94,69,75,56,15,61,76,14,74,79,57,86,68,74,73,74,77,50,84,25,58,25,51,40,46,47,25,48,76,40,75,35,45,49,75,66,81,70,25,87,58,48,47,25,58,77,67,43,57,33,58,65,67,79,33,17,57,71,23,10,69,59,63,73,52,72,46
2013-10-27,86,79,72,53,56,86,11,76,53,87,71,36,89,53,81,50,50,84,21,72,40,75,69,79,77,61,53,50,46,95,74,71,59,14,62,70,14,68,80,52,81,66,69,81,71,77,49,83,24,57,30,52,40,47,43,24,47,73,42,73,32,45,51,69,66,82,70,29,82,55,46,47,23,58,67,66,35,57,41,52,62,64,66,36,17,58,69,23,19,69,59,60,74,54,74,43
2013-11-03,87,83,68,55,56,89,12,75,61,89,66,35,89,62,85,48,49,87,24,72,43,75,74,80,80,61,49,51,67,91,73,76,46,17,63,75,19,66,83,55,90,79,68,75,74,81,48,83,25,63,21,54,40,48,49,23,50,77,44,71,35,49,53,61,67,85,70,38,85,58,50,46,28,60,66,67,34,60,35,52,67,65,62,34,18,53,71,29,22,71,64,71,74,50,79,45
2013-11-10,82,82,64,58,56,91,10,75,56,87,63,34,90,82,100,48,43,82,21,69,42,76,73,83,81,62,52,48,93,91,72,73,33,17,64,71,16,65,82,60,85,62,68,78,73,81,49,83,25,64,21,53,44,47,48,26,52,77,39,65,33,47,57,67,67,85,72,49,82,62,49,47,24,60,67,69,35,60,36,55,68,63,66,38,17,54,74,28,16,71,66,65,72,52,75,46
2013-11-17,82,84,60,60,55,89,13,77,55,84,61,36,89,90,100,50,44,85,22,74,42,75,69,85,86,62,54,48,78,95,75,75,32,15,62,73,16,67,82,55,85,74,70,79,74,78,51,85,23,68,20,57,42,48,47,27,55,76,41,65,33,47,61,63,69,91,69,53,79,63,48,47,24,60,64,67,34,58,40,54,64,62,65,33,17,56,72,32,13,67,64,57,74,55,75,48
2013-11-24,64,62,39,46,49,82,9,56,44,57,53,29,65,74,74,34,39,56,16,57,41,59,55,65,54,60,42,43,36,64,71,62,24,14,50,56,16,44,80,60,55,65,56,65,68,75,50,65,23,54,19,57,36,43,41,22,43,69,34,62,25,38,100,91,68,66,58,64,58,66,46,49,19,54,54,67,25,55,58,46,60,54,68,32,13,56,64,17,13,72,69,58,67,66,58,37
2013-12-01,75,78,59,53,61,85,10,81,50,83,57,33,82,83,89,43,38,75,20,68,44,77,65,85,85,58,53,45,59,87,75,71,27,13,63,67,11,60,80,48,81,68,68,82,72,75,51,78,23,77,21,59,42,52,39,82,54,75,37,62,32,43,71,79,60,88,63,62,75,79,48,48,21,57,61,76,34,59,33,42,58,64,66,34,16,53,79,23,12,68,60,58,66,52,61,49
2013-12-08,82,78,75,57,64,83,10,79,50,92,54,34,81,74,86,48,42,76,20,67,46,79,63,84,85,60,59,45,53,88,74,64,27,13,64,68,12,57,81,50,80,69,73,86,73,80,49,78,27,88,19,60,44,51,43,29,52,79,39,63,32,43,64,82,62,89,61,65,74,63,46,51,21,57,60,68,33,62,35,47,60,66,72,32,16,59,77,31,3,71,61,58,71,53,61,48
2013-12-15,72,66,53,46,64,89,11,68,49,73,55,30,69,58,72,44,38,74,18,53,45,75,64,72,72,58,70,43,56,78,84,63,23,13,63,63,13,52,78,53,66,67,64,80,75,87,64,76,26,89,19,59,40,52,42,26,54,82,36,66,25,41,74,81,63,80,55,72,69,63,46,51,23,56,59,69,29,60,40,52,65,61,73,31,16,60,74,18,3,69,61,62,69,58,52,51
2013-12-22,52,48,12,31,67,85,9,36,54,36,47,33,48,61,52,26,37,43,11,40,44,65,53,50,30,58,49,41,63,59,78,61,16,14,42,53,16,33,81,59,29,57,40,47,76,89,65,60,24,71,19,58,31,52,41,24,41,69,31,68,15,31,83,100,65,51,58,96,56,67,47,52,23,51,51,72,21,59,61,49,76,58,80,29,12,58,59,11,0,75,66,68,68,81,39,39
2013-12-29,63,57,19,32,76,86,10,42,60,39,49,37,59,72,58,35,34,50,13,44,43,68,58,60,37,64,47,49,57,66,81,83,21,15,48,69,19,40,79,60,35,51,45,51,82,85,70,67,24,32,19,64,29,53,37,23,45,75,35,69,17,35,63,99,65,56,65,46,64,66,46,51,23,56,55,71,26,66,68,40,76,59,71,33,15,60,48,14,7,80,70,69,72,77,47,42
2014-01-05,82,72,35,43,100,84,10,60,72,71,76,41,79,89,71,45,44,68,17,51,40,80,69,74,59,66,53,52,83,85,78,89,30,14,62,80,12,59,81,55,64,72,71,66,79,82,65,76,25,44,19,62,38,58,39,32,50,87,40,69,24,45,51,90,65,72,73,24,80,56,48,48,24,73,62,75,31,77,35,51,66,69,64,35,19,64,59,24,19,74,68,62,71,60,63,45
2014-01-12,84,80,64,50,95,86,11,75,66,85,61,41,85,100,79,58,49,74,19,60,45,78,75,82,76,66,52,51,80,90,83,87,47,15,65,84,16,69,77,60,79,65,86,65,78,81,71,78,26,50,19,63,39,57,44,24,59,87,39,69,28,48,53,77,66,81,87,24,83,56,50,49,25,68,62,72,36,73,36,53,75,71,65,35,19,64,63,24,6,75,65,66,74,61,70,47
2014-01-19,80,77,53,50,80,85,11,70,63,86,61,42,83,94,77,57,41,69,18,60,43,69,68,77,68,66,51,51,65,84,78,83,51,17,61,81,15,57,78,58,71,70,85,72,76,81,75,81,30,51,19,74,38,59,46,26,55,80,40,69,28,43,50,82,64,78,78,25,76,57,49,50,23,64,62,75,35,69,37,52,72,72,63,33,18,55,62,26,15,75,67,65,70,59,70,47
2014-01-26,84,78,56,52,87,88,15,78,65,87,63,38,91,97,82,67,52,72,19,61,42,81,75,80,73,66,54,52,81,90,79,80,65,18,67,84,14,58,80,59,82,70,100,73,80,81,87,82,31,54,19,68,39,70,51,24,53,82,37,69,30,45,50,74,69,84,74,19,78,53,47,49,24,65,62,72,38,72,39,53,69,74,63,37,20,55,63,41,6,75,63,64,74,56,75,46
2014-02-02,83,80,58,49,85,92,17,76,66,83,56,37,90,81,82,87,51,73,19,66,43,78,77,79,71,63,51,51,63,87,81,87,50,19,69,79,15,56,77,57,79,63,91,79,79,74,86,82,27,53,20,62,39,81,50,24,51,80,40,66,31,43,47,69,63,80,73,20,77,53,47,49,23,64,71,67,41,67,37,56,63,79,71,36,19,58,67,35,10,71,61,63,73,58,73,46
2014-02-09,85,79,59,53,66,91,13,78,66,82,56,38,88,88,84,83,52,86,18,76,42,83,74,80,72,64,59,51,83,90,78,78,47,16,69,76,15,56,77,62,81,61,84,70,74,80,99,80,26,60,20,64,40,70,45,29,54,82,39,72,31,44,51,78,63,80,75,25,75,53,51,67,26,62,63,76,41,69,56,49,78,100,76,37,18,61,63,28,9,74,61,73,74,62,71,53
2014-02-16,86,82,64,54,61,87,12,74,64,80,61,37,89,92,86,87,42,81,19,75,42,78,68,75,76,67,52,51,55,89,81,85,43,16,66,82,13,60,78,64,75,64,84,76,77,77,91,83,25,59,20,60,40,67,48,27,55,83,37,78,31,44,51,72,63,83,74,25,80,55,47,70,23,63,65,76,38,67,41,55,75,93,67,35,17,59,65,35,12,76,62,73,78,61,71,52
2014-02-23,89,85,69,62,66,93,12,83,68,85,67,41,95,87,92,81,52,79,21,72,42,94,75,82,81,68,50,54,81,96,80,86,45,15,70,86,13,62,79,59,84,70,81,79,73,76,81,87,24,57,20,63,44,64,45,24,60,80,41,74,33,44,48,75,66,87,79,20,80,53,47,58,26,66,68,77,37,71,43,49,69,88,63,36,18,58,72,30,9,76,62,75,73,57,79,56
2014-03-02,90,82,55,76,66,88,14,79,69,81,62,39,92,88,84,70,49,69,19,70,40,86,75,81,92,74,47,54,81,95,81,83,33,17,68,84,13,60,83,61,77,65,74,71,75,76,75,82,24,55,20,59,49,57,48,28,55,77,42,71,30,46,49,64,63,81,79,20,78,56,45,48,23,63,63,73,37,70,46,52,68,83,62,34,17,58,69,24,15,71,64,74,75,60,76,63
2014-03-09,85,77,48,71,72,88,12,75,64,70,62,36,88,80,84,71,47,68,18,65,41,79,71,78,75,73,47,53,78,86,80,87,33,15,68,87,11,61,84,62,75,58,74,68,76,78,68,82,23,53,20,81,43,58,46,44,51,77,37,70,30,44,50,70,64,85,88,22,78,55,48,47,22,65,65,76,34,72,44,51,69,79,62,36,18,61,67,16,15,73,63,77,76,57,66,52
2014-03-16,86,79,52,95,62,91,12,74,61,75,65,37,87,79,83,69,48,70,17,65,43,86,69,83,79,72,49,51,65,88,79,83,30,15,66,88,12,57,77,67,74,70,72,93,75,77,62,81,23,54,20,60,43,54,46,36,54,77,43,68,30,43,47,66,62,78,82,21,78,54,46,46,23,65,67,74,34,67,48,49,70,75,62,37,17,58,65,22,15,71,61,78,78,59,72,54
2014-03-23,86,82,50,82,68,88,10,73,60,75,66,38,94,73,85,69,51,66,17,65,41,89,69,85,77,73,48,52,91,86,78,85,29,14,62,89,14,58,79,66,81,77,73,82,74,79,61,81,25,53,21,60,44,56,47,30,56,81,38,70,31,45,46,70,68,72,85,20,85,59,47,46,24,64,69,75,35,67,46,54,69,73,63,35,18,60,65,21,28,73,64,80,79,63,80,58
2014-03-30,88,82,50,73,73,96,11,77,61,79,67,38,88,72,87,75,56,67,19,67,40,82,71,83,80,70,51,54,71,87,84,85,31,16,69,97,15,59,77,64,79,82,71,85,75,77,62,81,25,56,21,60,43,58,51,24,55,81,39,70,30,45,46,69,64,83,85,20,86,56,49,45,23,67,65,72,35,67,44,51,70,74,63,36,17,56,67,30,9,75,62,80,77,58,70,62
2014-04-06,90,84,56,80,74,93,12,76,56,81,72,34,90,72,89,83,52,68,19,70,41,77,73,77,82,71,55,52,70,88,81,87,35,18,63,93,15,60,81,64,84,76,75,79,78,76,66,85,24,56,21,57,45,62,51,32,54,81,43,72,31,45,46,67,63,82,87,20,77,56,47,44,23,69,66,73,37,67,45,51,67,70,61,34,18,59,68,24,12,75,62,85,78,56,74,62
2014-04-13,83,80,56,74,59,84,11,75,51,72,69,33,92,71,87,94,48,64,17,66,42,78,67,81,75,65,53,51,61,85,82,80,51,17,67,89,15,54,79,66,80,69,71,81,77,77,73,79,25,52,20,57,42,69,51,25,54,82,36,74,30,42,47,73,68,74,81,24,72,58,44,45,22,68,63,74,34,66,50,47,68,74,65,35,18,58,70,31,22,73,61,84,77,63,66,56
2014-04-20,88,86,59,78,59,79,11,80,50,83,73,37,91,62,91,63,53,69,18,71,42,82,70,85,83,68,52,51,76,87,76,83,65,13,66,92,12,61,82,68,90,64,69,90,75,74,56,82,26,56,20,57,44,47,51,23,53,75,37,73,32,46,45,72,66,81,83,24,75,56,47,45,23,72,65,77,36,67,56,50,68,73,63,35,19,58,72,25,19,76,61,88,77,57,76,50
2014-04-27,84,86,50,87,67,85,10,84,48,85,69,34,88,70,95,60,46,66,20,68,44,85,71,85,87,66,56,51,78,90,79,81,47,13,66,98,12,63,80,67,88,73,74,91,77,81,53,85,24,60,20,57,49,46,48,24,57,78,43,74,33,45,46,66,65,77,84,21,75,64,47,45,23,70,65,74,34,67,45,50,68,73,66,37,21,61,70,32,6,78,61,88,75,54,72,48
2014-05-04,82,81,60,82,64,84,10,80,48,82,81,34,81,71,84,55,48,65,19,61,44,72,65,86,85,66,61,53,63,83,80,80,45,12,68,92,10,56,77,67,87,59,64,85,75,78,52,83,23,59,21,64,49,46,49,24,55,76,40,73,32,45,46,70,69,74,88,20,75,58,46,44,24,71,64,73,33,68,52,40,75,71,63,35,20,58,67,29,9,78,61,93,79,55,71,42
2014-05-11,80,77,47,79,60,80,11,78,48,78,78,29,82,60,80,51,42,67,19,64,43,69,66,78,80,65,62,64,73,83,77,81,31,12,67,88,11,58,78,67,83,59,64,80,75,82,60,78,23,53,22,57,50,45,49,25,56,78,45,75,31,45,45,74,68,70,83,21,71,61,48,46,25,76,64,76,31,69,62,49,71,71,62,33,20,57,64,21,13,76,60,90,80,58,66,44
2014-05-18,75,76,41,75,56,77,10,75,44,63,76,31,69,50,77,48,42,67,16,68,43,68,66,76,79,67,57,61,74,81,76,81,28,12,68,90,11,55,84,65,78,60,66,70,77,79,54,77,25,51,23,57,48,46,54,23,57,74,43,74,28,44,46,67,67,70,90,23,73,65,46,45,29,78,66,77,32,73,46,54,68,68,60,33,20,62,60,24,0,76,58,88,85,60,63,41
2014-05-25,74,71,33,62,50,78,9,66,42,58,75,31,71,55,71,46,38,63,16,67,45,64,61,71,67,68,54,55,64,76,76,81,24,11,59,82,9,49,81,68,72,66,62,69,74,77,50,70,26,48,24,57,47,43,47,22,53,71,42,73,26,42,48,70,65,64,86,25,67,64,46,46,25,78,63,78,30,74,45,47,70,62,61,36,18,55,56,18,7,78,61,88,85,62,66,48
2014-06-01,76,69,38,58,47,83,10,63,44,59,74,32,71,60,76,48,42,63,17,77,46,75,65,74,62,66,54,53,59,78,80,82,25,10,69,90,10,53,75,67,75,69,63,70,75,80,50,73,23,48,27,56,41,44,48,29,52,77,41,71,25,46,47,62,64,66,86,23,74,70,45,47,24,78,62,78,31,71,43,51,70,68,59,38,18,58,54,19,11,76,60,87,83,60,58,43
2014-06-08,79,64,30,52,47,82,10,55,43,52,80,32,71,64,75,48,43,59,15,59,44,75,64,73,56,67,54,50,75,74,75,76,24,11,68,86,10,50,80,70,71,55,63,61,72,79,48,69,24,47,64,53,35,44,50,30,50,78,36,71,23,45,50,72,63,62,81,24,71,81,44,43,24,74,62,78,33,70,43,48,70,69,60,36,17,59,49,22,11,78,61,79,79,60,58,43
2014-06-15,75,67,32,54,48,83,10,49,41,45,76,29,67,58,76,47,42,54,14,61,46,65,66,72,51,68,53,49,46,75,78,81,28,10,68,86,11,45,80,67,72,59,61,63,74,79,48,73,22,41,98,54,35,42,49,24,51,78,34,70,21,41,48,68,64,60,88,24,72,85,45,46,23,78,68,79,29,73,49,50,73,81,64,37,18,59,47,22,7,78,61,80,79,63,60,42
2014-06-22,79,70,27,54,47,80,10,50,41,43,75,31,71,59,82,46,42,56,14,63,44,64,64,69,45,66,50,49,60,69,75,81,23,10,67,86,12,44,84,67,53,50,61,60,76,82,48,67,23,38,100,53,31,41,49,24,57,77,36,72,20,41,47,75,64,56,84,24,70,82,44,44,26,80,64,76,29,72,38,49,71,70,60,40,18,63,45,21,7,75,64,80,78,64,55,40
2014-06-29,71,67,24,43,45,87,10,47,41,42,72,30,67,66,71,41,40,49,13,67,47,59,60,61,39,67,48,48,55,70,78,77,22,11,59,81,14,39,86,73,45,61,53,56,83,81,51,63,22,35,86,60,32,39,51,22,80,71,36,71,19,38,50,89,65,56,84,29,65,81,43,44,23,83,59,81,26,71,47,46,73,63,59,52,19,58,53,16,8,76,63,78,77,69,51,36
2014-07-06,80,69,28,52,50,91,11,49,41,47,78,31,71,68,73,47,40,56,15,63,47,65,67,68,57,68,51,50,63,73,87,85,35,11,64,96,10,48,88,71,51,50,61,64,80,83,50,71,22,35,57,62,30,45,54,24,51,80,38,74,19,41,49,81,66,61,87,25,74,78,47,44,25,81,60,82,32,74,37,43,74,71,63,57,23,62,48,24,7,78,66,78,83,64,63,40
2014-07-13,77,68,29,53,46,88,11,49,42,45,82,32,71,63,73,51,44,55,14,60,46,64,66,71,83,66,52,50,71,72,83,84,50,11,65,92,11,48,84,70,54,52,60,57,78,80,49,70,22,40,42,62,32,43,51,48,48,79,37,74,21,40,49,73,66,59,86,24,72,75,45,46,25,79,65,83,31,73,40,51,76,70,62,58,22,66,46,22,7,80,65,78,84,68,66,44
2014-07-20,77,68,25,51,45,91,10,49,43,46,76,32,74,64,76,48,42,57,14,68,45,68,66,74,94,67,52,50,69,70,81,82,67,10,68,92,12,48,84,69,55,64,60,61,77,86,51,68,24,40,21,63,33,43,52,41,49,82,38,72,20,43,50,79,66,62,87,25,75,74,47,45,24,78,62,84,32,73,39,49,80,71,62,60,25,61,48,24,4,75,68,75,82,70,58,45
2014-07-27,83,63,29,46,43,100,14,46,42,42,73,35,72,68,72,49,45,54,13,64,45,65,71,70,84,67,53,51,69,76,85,78,54,15,72,93,13,49,84,68,54,69,60,59,79,84,56,70,23,36,20,67,32,42,49,27,48,86,38,73,19,43,51,70,65,66,87,25,73,72,48,45,24,81,61,83,34,69,39,53,79,78,65,66,26,56,50,25,11,76,69,77,79,73,51,43
2014-08-03,77,65,28,48,41,98,13,49,41,47,77,29,70,71,73,44,38,60,15,55,47,67,69,76,72,69,49,52,70,72,89,78,41,13,70,92,10,47,84,68,52,63,58,60,77,85,55,68,24,37,21,69,33,43,50,22,49,90,38,74,19,45,52,77,65,62,77,24,73,71,47,46,23,78,60,81,32,70,40,46,78,75,63,75,27,59,50,14,8,76,68,75,74,69,48,41
2014-08-10,75,61,26,44,39,97,11,46,37,49,73,30,63,64,70,46,40,54,15,52,44,69,65,69,56,64,49,46,70,70,86,75,34,10,69,91,11,49,78,67,56,57,61,58,72,82,63,100,22,37,20,63,46,43,46,38,48,88,41,70,20,43,49,74,63,55,73,22,74,66,45,44,23,75,59,81,30,66,42,49,77,74,62,68,30,62,57,15,7,72,66,74,72,66,53,36
2014-08-17,76,65,34,46,39,88,12,55,42,60,71,35,69,64,70,46,42,55,15,54,45,66,67,72,59,64,53,47,46,68,84,74,27,10,64,94,10,50,76,66,63,56,66,57,76,82,69,77,21,40,22,64,34,44,46,23,48,88,39,68,22,47,49,71,65,58,75,22,76,64,48,43,23,78,62,77,29,65,39,54,72,71,59,68,41,58,53,21,14,74,63,72,69,59,52,41
2014-08-24,75,69,38,45,37,91,11,64,41,83,68,31,72,63,70,43,42,61,18,58,45,69,66,73,72,62,53,44,56,73,83,70,28,10,62,82,13,54,79,64,74,56,71,60,75,78,54,82,22,45,19,62,31,42,47,26,48,90,45,70,26,49,49,70,62,67,73,22,74,62,46,44,22,69,60,76,29,61,39,49,70,70,60,72,67,64,60,27,11,72,61,68,69,53,59,44
2014-08-31,74,73,47,51,37,87,9,70,41,88,66,31,72,64,70,42,36,60,19,60,46,72,61,69,77,62,48,44,52,77,81,71,29,10,65,77,10,53,80,64,78,68,82,66,72,78,52,77,22,50,19,61,35,42,49,26,50,81,40,68,29,46,49,74,65,73,70,23,72,63,46,44,23,67,62,74,28,61,39,46,68,67,58,70,82,58,64,34,10,74,62,68,68,57,60,43
2014-09-07,81,80,63,50,37,83,10,79,44,95,68,36,82,58,85,51,40,72,21,62,45,69,69,73,85,66,62,45,68,82,81,74,34,11,73,77,12,62,82,62,92,66,86,68,71,79,47,86,23,60,20,63,37,47,47,25,55,81,46,66,34,44,49,66,63,85,70,20,77,60,44,44,21,66,65,69,32,60,40,47,65,70,58,72,17,64,73,38,3,72,61,70,66,52,72,44
2014-09-14,83,81,71,49,36,85,10,84,52,91,77,34,83,69,86,54,51,83,21,72,44,76,71,71,84,64,63,46,80,88,79,72,33,13,70,78,19,58,77,59,91,59,80,77,73,80,52,96,22,62,18,59,38,48,48,21,55,80,44,66,34,44,48,66,64,84,72,20,79,60,44,46,21,64,67,70,34,59,40,53,64,73,60,67,17,54,71,34,0,70,60,65,69,53,69,46
2014-09-21,84,84,85,52,35,81,11,77,51,90,66,37,89,75,85,55,49,80,20,69,43,70,69,75,86,63,55,45,55,87,79,75,31,15,63,80,16,60,78,59,95,68,75,72,71,80,50,96,22,62,19,60,39,49,49,23,51,78,45,68,35,44,47,63,65,85,73,23,78,61,44,46,22,65,68,72,31,60,42,46,65,68,60,70,16,62,76,32,10,70,59,66,70,52,69,48
2014-09-28,86,84,92,53,37,87,14,83,51,88,71,36,86,70,93,52,49,85,21,66,43,69,73,80,91,65,55,44,65,89,80,75,32,16,70,78,14,58,82,59,91,68,73,82,72,76,47,93,22,64,19,67,39,51,48,22,52,79,49,71,34,43,46,65,65,86,69,23,80,59,43,48,23,66,91,70,31,62,43,56,64,68,59,68,16,52,77,25,10,70,60,66,71,56,78,45
2014-10-05,83,86,93,53,38,85,17,83,51,86,75,34,88,54,90,54,51,86,23,73,43,70,71,75,83,66,56,46,49,92,79,72,37,20,65,78,17,57,86,57,89,72,75,78,70,76,55,90,22,62,19,65,39,51,49,28,50,79,44,69,33,43,45,65,66,84,72,26,81,61,45,44,36,63,88,70,34,59,41,50,65,69,59,70,16,58,74,29,14,70,64,63,71,59,74,47
2014-10-12,84,85,88,56,37,84,26,78,56,87,73,35,87,57,96,54,58,82,25,68,44,69,78,77,80,69,54,44,83,91,80,76,46,29,66,72,17,56,76,58,84,65,67,84,69,77,54,87,24,62,21,64,39,50,53,21,50,78,46,72,33,42,46,66,64,87,69,30,81,61,44,46,29,60,80,69,33,59,42,47,65,63,57,100,15,60,68,33,10,68,61,64,73,59,75,45
2014-10-19,83,79,85,53,37,82,19,80,53,89,72,35,92,54,92,52,54,86,28,73,43,74,75,76,85,66,54,47,73,95,79,72,60,17,69,79,12,58,76,56,88,67,71,79,71,78,51,89,23,62,25,61,41,53,48,22,50,76,49,74,32,42,45,66,65,87,66,24,79,63,46,47,25,62,76,69,33,57,48,46,67,69,58,98,16,59,71,22,17,68,61,62,70,58,85,49
2014-10-26,84,82,75,54,37,91,17,80,54,89,72,33,97,53,93,53,53,93,32,71,45,79,72,78,82,66,57,45,75,94,76,74,52,16,65,76,14,56,78,54,85,69,71,85,70,76,51,85,22,62,30,64,41,52,46,28,51,77,45,74,33,41,45,61,65,86,67,25,75,63,43,46,24,60,70,67,32,56,55,52,62,66,58,88,16,60,71,26,17,70,62,59,72,59,90,54
2014-11-02,87,84,70,54,39,95,16,85,53,88,66,36,95,46,98,49,50,91,41,100,45,82,71,79,86,69,54,47,67,93,82,71,51,17,69,76,16,54,78,51,82,67,70,81,74,74,67,90,21,64,18,61,40,49,47,23,55,80,45,70,31,43,49,63,65,87,62,34,80,64,45,46,25,60,69,68,35,59,43,56,65,64,59,78,16,64,71,24,10,70,63,64,74,59,82,51
2014-11-09,88,83,65,56,39,89,13,78,51,86,58,35,93,47,95,51,50,86,22,78,42,81,68,80,84,72,55,47,73,100,82,75,37,16,65,75,15,55,83,56,87,73,70,79,70,79,52,86,23,71,20,59,46,50,48,26,56,78,38,68,32,44,54,69,65,78,64,42,80,70,46,48,24,60,64,69,35,56,47,57,68,63,61,68,16,57,69,24,3,75,67,65,71,60,73,51
2014-11-16,84,83,68,55,40,85,13,80,50,85,56,32,94,51,92,48,47,86,22,83,46,76,68,80,87,71,53,45,55,95,81,73,35,15,69,74,13,55,81,55,88,68,67,79,73,77,49,87,22,71,18,59,44,50,50,23,53,77,40,64,32,43,57,68,69,85,66,43,81,66,48,47,25,61,63,68,35,61,43,51,64,65,66,64,16,56,70,25,10,71,68,60,70,59,81,51
2014-11-23,64,63,41,44,35,85,10,59,45,54,53,32,69,41,71,35,38,56,16,62,42,69,56,63,55,70,45,39,46,67,75,59,25,16,51,55,15,42,80,59,58,51,49,65,68,73,50,74,20,54,20,56,39,45,41,19,47,68,37,62,23,34,95,66,66,62,51,56,59,72,44,48,19,56,53,70,25,55,64,50,62,57,70,58,12,52,59,16,0,77,70,57,66,71,69,37
2014-11-30,82,80,59,54,41,95,12,87,54,83,53,36,92,56,91,49,45,79,19,77,48,84,68,83,85,70,54,44,49,91,85,71,31,15,65,70,12,53,79,52,84,60,74,87,73,75,51,88,22,82,19,58,47,52,41,21,52,81,41,65,32,43,67,61,61,91,61,60,78,71,42,52,22,61,60,67,37,59,40,50,60,64,70,57,15,59,75,26,16,73,62,57,67,55,69,51
2014-12-07,83,83,88,59,41,96,14,86,53,94,62,35,89,57,90,49,46,82,19,77,47,90,69,84,87,75,61,44,71,96,82,69,31,16,68,71,15,53,85,52,84,64,75,88,76,80,55,87,22,96,18,56,48,54,45,27,55,82,41,67,32,43,58,69,63,94,59,65,77,70,47,50,21,61,62,67,37,59,45,58,64,64,71,55,16,58,78,30,13,71,64,61,71,57,64,54
2014-12-14,76,71,72,58,40,98,20,77,67,77,60,38,78,46,73,46,49,80,17,59,46,86,72,71,76,79,66,43,54,86,85,66,25,20,63,66,16,47,82,55,71,69,65,83,75,84,55,79,22,99,19,57,45,54,50,21,50,87,41,66,26,39,68,63,62,91,60,70,75,68,44,52,20,58,57,70,30,61,50,68,67,67,74,49,14,59,74,19,18,70,66,61,73,65,64,55
2014-12-21,55,50,17,32,35,95,15,46,52,33,52,33,50,40,48,28,41,44,11,49,47,70,53,53,28,72,51,37,41,49,78,62,16,17,43,52,20,32,81,61,31,47,39,50,72,84,57,61,22,80,18,54,35,49,47,19,37,71,34,68,14,30,78,72,65,51,52,100,50,77,44,53,18,51,48,67,20,55,53,54,75,55,82,46,11,59,55,19,0,73,66,69,66,95,40,44
2014-12-28,64,56,17,32,42,100,12,44,52,36,54,39,57,42,52,35,34,49,10,52,47,73,55,58,32,78,47,43,46,61,92,82,20,17,42,66,20,36,75,63,32,55,44,50,78,86,65,69,21,33,19,57,35,53,43,31,41,74,36,72,14,33,59,79,65,49,58,45,64,74,46,50,22,57,53,70,24,62,88,51,80,57,74,48,14,63,49,16,4,78,74,72,72,91,47,49
2015-01-04,82,73,42,41,51,95,19,67,63,73,93,44,73,44,68,47,49,71,15,61,45,81,69,75,64,90,54,50,70,83,85,86,26,18,60,87,15,48,77,56,68,67,66,67,78,80,69,75,22,48,19,64,43,60,42,30,51,84,45,69,23,41,47,69,65,72,63,23,80,63,45,49,25,66,76,71,31,72,42,57,67,64,65,46,17,62,62,24,7,73,66,62,68,66,64,55
2015-01-11,85,76,54,45,45,83,17,78,58,87,65,41,81,48,73,58,49,79,17,61,44,77,71,82,69,81,54,50,71,86,84,85,43,17,64,83,15,53,74,57,77,59,78,72,73,80,64,80,21,53,20,55,46,61,43,25,53,83,42,68,27,43,47,69,61,72,74,22,82,64,45,48,23,64,60,73,33,72,42,62,70,65,64,45,16,54,69,29,3,72,65,63,71,70,75,51
2015-01-18,80,78,53,48,51,86,14,78,56,98,61,39,78,49,79,62,43,78,19,66,47,73,68,75,73,83,50,52,78,87,85,80,53,17,68,83,16,55,76,58,80,68,86,95,77,78,73,83,21,53,19,55,45,65,48,24,53,84,43,69,27,42,46,67,63,80,69,24,80,68,48,48,23,64,62,69,35,69,40,62,74,66,67,45,16,61,64,41,3,74,67,66,71,76,72,69
2015-01-25,84,79,56,48,48,85,16,83,56,96,65,39,88,56,83,71,52,77,18,70,47,89,73,80,73,81,53,50,82,86,85,80,73,17,71,85,20,54,77,56,85,56,91,85,80,77,74,80,23,60,18,54,46,74,46,22,56,82,45,68,29,41,44,65,65,87,74,18,81,59,47,48,23,64,61,69,37,78,40,53,67,63,67,42,16,60,66,39,0,74,63,63,73,64,71,56
2015-02-01,85,83,63,50,44,90,15,82,59,90,64,41,88,51,84,76,51,72,18,66,46,99,71,78,76,81,51,50,77,92,87,80,55,16,73,85,14,55,71,57,87,63,93,77,77,74,69,83,21,61,20,54,47,74,44,54,55,82,46,64,32,42,45,62,62,82,74,19,82,68,46,44,23,68,62,73,38,69,41,56,66,63,68,42,16,58,68,24,6,70,62,62,70,61,72,60
2015-02-08,88,80,68,49,39,87,15,79,57,88,64,39,83,47,84,76,53,72,17,67,47,96,71,76,77,76,52,48,76,90,86,72,53,16,69,79,16,55,77,59,81,61,85,83,75,75,63,86,21,64,20,53,46,68,45,28,52,82,45,68,30,41,48,69,63,82,70,23,80,60,49,46,27,66,57,74,37,66,58,57,78,61,70,41,15,61,70,27,10,72,62,72,72,68,76,64
2015-02-15,83,82,67,50,41,83,13,73,55,79,58,40,84,49,82,76,45,65,17,64,43,90,67,79,69,74,50,50,75,88,87,74,41,17,65,80,15,49,74,55,74,70,76,76,77,73,59,79,29,55,21,54,45,65,43,22,51,80,45,68,28,40,47,81,64,73,72,24,77,64,46,47,24,68,64,77,33,71,43,58,74,62,69,41,16,59,70,31,0,75,66,70,72,73,75,61
2015-02-22,88,82,75,55,39,87,13,80,57,89,64,41,90,54,87,77,58,69,19,70,44,89,69,80,81,78,50,51,83,91,82,78,47,15,65,88,13,56,77,52,85,67,77,88,73,72,60,84,28,62,21,58,48,63,45,23,55,79,44,76,30,42,45,74,66,78,74,19,76,62,44,100,23,69,62,74,36,69,41,53,70,60,63,39,16,54,69,23,6,71,63,67,70,65,87,60
2015-03-01,88,84,71,51,38,90,15,80,57,84,66,41,88,50,85,75,61,71,18,68,43,97,71,81,80,72,49,53,84,90,84,80,39,15,75,85,13,58,78,55,83,78,76,85,77,72,59,79,23,59,22,57,50,63,45,33,55,81,42,79,30,44,44,79,67,74,83,20,77,63,46,66,24,69,64,78,34,73,45,51,71,63,64,40,16,58,66,24,10,72,64,71,75,60,73,59
2015-03-08,90,80,65,53,39,88,16,77,54,79,65,36,83,48,88,76,49,75,19,73,41,90,71,79,78,76,51,53,82,89,85,79,34,17,64,86,13,55,80,56,83,65,78,88,75,75,55,81,22,56,22,59,46,61,47,32,53,77,43,75,29,42,45,74,65,76,82,20,74,66,43,54,23,69,64,78,34,70,43,61,75,63,62,42,17,59,61,24,10,75,64,75,77,59,84,59
2015-03-15,90,80,48,54,38,85,16,75,53,80,68,41,85,55,84,70,50,73,19,69,41,92,69,81,75,79,55,51,86,87,84,80,31,16,66,88,13,53,77,55,83,60,78,78,77,75,54,80,22,54,21,57,47,58,43,24,55,76,44,71,28,42,46,76,65,70,79,20,77,65,45,51,24,70,61,77,34,68,45,58,71,63,61,39,16,60,65,32,10,76,67,78,77,62,78,61
2015-03-22,87,79,57,60,37,86,16,77,52,80,66,36,85,43,84,69,47,71,19,64,43,91,70,79,79,75,50,50,62,86,84,83,30,15,70,90,14,56,80,56,84,65,82,82,77,76,57,82,23,55,22,57,50,58,49,68,72,81,47,70,29,43,43,69,68,76,81,21,76,62,43,48,23,72,63,77,33,70,42,58,70,59,63,38,16,70,70,24,100,78,63,79,78,62,83,58
2015-03-29,88,80,50,57,38,92,15,68,49,76,74,38,84,48,86,72,44,66,18,71,43,82,66,78,73,78,49,50,76,82,89,79,30,18,72,95,15,53,74,54,77,64,77,75,76,78,56,76,23,54,19,57,45,59,50,34,100,80,43,69,27,42,46,80,66,68,74,25,75,62,43,49,23,73,69,77,34,66,47,54,70,64,62,36,16,59,78,20,10,79,63,78,77,61,76,62
2015-04-05,88,81,55,61,37,82,14,74,49,77,69,40,87,49,86,78,46,65,19,74,45,90,67,79,77,75,49,51,78,85,86,86,39,14,70,93,13,55,78,55,81,58,75,80,76,76,60,79,23,54,19,59,47,63,48,29,58,80,41,70,28,43,44,81,66,76,81,25,78,62,45,49,23,71,66,78,34,66,54,52,69,63,64,37,17,62,73,28,7,79,61,81,74,64,81,66
2015-04-12,93,86,59,66,38,81,14,82,55,86,76,40,90,49,95,100,48,67,19,78,44,89,73,85,86,77,53,54,94,89,90,78,58,16,69,96,12,61,81,52,91,65,81,92,80,73,71,81,22,60,19,55,52,74,50,26,57,85,43,68,31,42,42,81,66,81,80,19,79,62,46,48,23,74,67,73,37,65,40,54,66,64,63,37,17,62,69,32,13,79,63,84,74,59,87,71
2015-04-19,90,91,60,69,36,79,14,82,55,89,75,42,92,48,93,65,56,70,18,83,45,86,70,86,88,74,52,49,88,89,83,77,70,16,68,96,12,55,79,52,96,72,77,92,77,79,54,84,21,62,20,53,52,49,50,25,56,75,43,75,32,43,43,73,67,80,86,20,77,63,44,50,24,74,68,74,37,69,44,56,70,64,64,35,17,62,68,32,13,79,64,85,79,58,94,55
2015-04-26,88,87,61,69,36,85,13,83,49,86,74,39,90,51,94,63,57,70,19,76,46,87,72,86,89,74,52,51,58,91,85,75,70,15,71,95,13,59,79,51,90,65,75,96,79,74,50,81,21,61,20,58,57,46,51,24,59,79,46,71,31,43,43,75,66,79,78,19,76,63,45,48,30,74,65,74,35,64,43,53,68,61,65,34,19,62,68,32,10,77,62,86,77,57,83,51
2015-05-03,87,82,70,65,35,87,13,81,46,86,81,36,87,45,87,56,50,68,19,71,45,81,69,83,85,73,51,51,52,88,86,80,57,15,69,93,12,56,84,52,90,53,81,87,84,79,49,81,29,63,19,57,58,48,51,33,60,79,48,71,32,41,44,76,67,82,82,20,75,65,44,47,24,77,65,73,35,69,51,58,77,63,68,37,18,62,67,28,7,79,60,91,78,58,81,49
2015-05-10,83,84,49,64,35,89,15,83,46,83,74,36,85,42,79,53,50,66,18,65,44,75,68,78,83,71,50,50,59,85,86,76,37,13,67,90,11,53,80,52,86,65,76,89,76,78,46,76,25,57,20,58,56,47,47,42,56,76,46,71,30,44,43,77,67,76,85,21,73,85,44,48,23,78,67,79,32,70,71,57,71,62,62,35,17,63,63,25,14,79,59,88,82,58,73,51
2015-05-17,79,76,41,58,34,87,13,75,44,70,77,33,83,40,78,52,45,65,15,60,43,64,65,73,74,78,50,53,49,80,87,74,32,13,68,88,12,54,85,52,81,52,67,77,76,77,55,75,24,55,21,64,53,47,51,27,58,77,49,80,27,43,46,76,69,68,81,23,73,66,44,47,27,80,66,82,32,72,47,69,70,62,61,36,18,62,61,22,14,78,59,83,86,62,75,45
2015-05-24,71,73,34,50,34,84,11,67,40,58,79,32,70,39,70,48,39,61,14,55,45,61,60,68,65,72,45,48,45,75,84,75,26,12,64,83,10,51,83,57,71,54,62,71,76,79,71,72,30,49,21,67,51,47,51,29,56,74,42,75,24,41,48,83,69,66,81,26,68,67,45,47,27,91,64,84,30,71,46,62,72,59,63,33,17,70,59,22,4,86,61,85,85,66,71,44
2015-05-31,83,70,37,51,35,89,14,61,42,62,81,33,78,41,76,50,42,62,14,55,45,66,67,72,65,72,50,49,51,79,86,79,25,12,73,91,10,52,80,55,77,52,70,66,77,79,59,73,24,50,22,63,42,45,50,27,60,81,37,71,24,45,46,79,67,69,82,22,75,67,45,46,24,83,69,79,33,70,45,53,71,64,62,36,17,63,54,15,7,77,64,81,84,67,65,56
2015-06-07,80,73,39,50,35,91,14,56,40,57,76,33,77,43,74,51,47,60,15,57,45,66,64,70,57,74,51,49,32,74,88,76,27,12,72,93,11,49,80,55,74,47,65,63,77,81,54,73,21,47,34,58,37,46,52,25,55,82,46,71,22,44,47,80,67,71,80,23,77,69,45,46,24,90,69,82,32,72,43,57,71,66,63,33,18,69,46,22,7,81,65,81,89,68,67,93
2015-06-14,79,65,28,44,34,86,15,54,39,47,82,35,78,40,73,49,45,59,14,46,44,61,64,73,51,71,51,48,61,71,90,78,27,11,77,89,11,46,72,56,75,52,64,63,80,81,54,71,20,44,34,58,36,45,53,23,51,81,37,70,20,39,48,83,68,63,74,23,74,71,44,45,25,85,62,81,32,72,44,47,74,66,66,31,17,62,46,21,4,80,65,79,81,71,63,62
2015-06-21,80,65,33,45,35,83,15,49,41,45,79,34,77,42,73,50,44,57,13,58,46,62,68,63,49,73,50,47,48,68,87,74,29,12,70,90,13,46,77,57,57,47,60,64,78,82,49,68,21,41,28,58,38,44,52,28,56,80,40,75,20,38,49,80,69,63,76,26,73,69,45,48,100,95,62,85,33,72,55,52,77,69,63,35,18,67,49,16,11,82,67,80,77,73,72,56
2015-06-28,69,64,29,73,38,91,23,60,45,41,80,31,72,43,71,43,49,54,13,53,48,59,68,61,44,79,50,48,58,66,93,76,27,23,64,84,18,42,80,57,49,46,52,62,86,88,49,66,20,37,27,58,37,44,63,29,79,80,41,78,19,37,52,86,69,62,79,37,70,70,44,49,64,91,61,85,48,73,50,56,73,75,64,35,19,67,52,34,23,85,68,80,80,69,54,62
2015-07-05,78,67,27,67,39,84,26,62,51,45,85,37,76,46,76,49,62,62,13,57,48,62,75,66,46,78,49,46,78,73,96,79,33,40,76,98,100,46,77,58,52,61,63,61,85,86,49,68,20,38,27,55,36,44,68,44,57,82,41,76,19,39,50,82,70,62,74,27,77,67,45,59,31,88,62,84,45,74,41,54,75,66,64,33,22,66,45,36,7,81,67,80,79,71,55,100
2015-07-12,82,81,31,54,37,86,18,58,46,46,81,36,79,42,77,52,48,61,14,58,48,67,71,68,46,78,52,46,48,81,92,76,57,16,70,93,14,46,78,57,55,51,64,61,81,84,56,67,20,36,20,55,35,44,53,29,50,88,42,77,19,38,51,78,70,62,73,25,76,69,46,64,25,85,67,87,40,72,41,61,79,66,92,34,23,71,47,23,7,84,70,77,80,75,65,57
2015-07-19,83,72,28,43,36,80,17,52,47,45,79,37,78,47,74,50,59,63,16,54,47,73,72,70,43,78,53,46,66,74,93,78,81,14,73,96,13,46,78,56,57,47,62,72,80,90,57,68,22,39,22,58,35,45,51,30,53,87,43,79,20,41,51,79,73,63,76,26,78,70,46,71,25,90,64,91,34,77,41,57,84,66,70,33,24,66,47,20,33,80,72,80,77,73,64,58
2015-07-26,80,66,27,42,36,83,19,51,47,41,76,35,82,49,74,48,51,61,15,54,49,68,73,71,47,78,53,46,73,73,92,76,63,18,72,97,13,48,75,57,54,55,58,61,78,87,52,69,22,38,20,56,32,43,53,27,50,93,42,76,19,41,51,74,70,60,75,24,78,66,48,55,23,88,63,85,33,73,40,60,84,68,68,34,25,66,46,16,18,82,70,78,74,70,61,53
2015-08-02,78,67,29,41,35,88,16,52,45,45,74,33,73,46,70,47,50,60,17,56,48,75,71,69,45,80,53,48,70,76,93,75,54,14,71,96,13,45,87,57,56,55,61,57,79,88,48,67,24,38,20,53,33,44,52,25,50,92,38,78,19,43,51,75,72,62,67,25,78,66,46,50,23,84,61,86,35,72,42,60,81,68,64,35,28,70,45,20,0,81,68,75,73,69,53,50
2015-08-09,75,65,28,42,35,83,20,54,47,52,68,33,72,48,68,46,48,61,19,53,48,65,73,72,48,81,52,44,65,72,90,72,36,16,74,98,12,49,84,57,56,55,63,64,77,85,49,70,22,37,19,53,35,44,53,27,48,93,40,76,19,43,52,72,73,58,70,23,77,65,46,49,23,83,64,85,33,70,43,57,82,70,65,34,31,72,47,16,11,83,70,76,73,69,68,51
2015-08-16,79,66,28,43,34,81,27,60,51,62,81,36,72,43,70,47,54,59,18,53,48,64,74,72,58,81,51,45,69,72,87,73,33,27,69,97,15,51,80,57,65,54,63,58,78,82,48,67,22,39,20,49,38,45,56,29,50,94,44,75,22,44,50,74,68,57,66,22,79,68,45,50,22,77,68,82,33,67,41,62,78,69,65,32,39,69,53,26,11,78,66,74,71,66,57,50
2015-08-23,81,71,45,46,35,82,100,79,87,85,89,41,71,48,74,44,100,74,20,56,47,78,100,75,65,82,55,44,66,74,85,72,32,100,75,94,38,55,81,57,73,57,78,65,78,84,51,74,19,45,21,50,45,48,84,40,50,92,48,71,26,44,50,69,67,71,67,21,78,72,46,50,21,72,65,80,34,66,42,69,72,68,62,33,52,65,59,55,7,78,64,71,71,58,64,53
2015-08-30,77,77,53,66,35,84,49,81,56,99,82,37,78,41,81,47,58,70,21,57,49,72,79,69,74,79,56,43,75,82,87,71,35,34,78,83,18,55,87,52,89,60,89,73,79,80,50,79,21,53,20,50,49,49,62,25,54,94,48,70,30,45,50,67,68,82,67,23,81,66,46,48,28,75,67,79,33,65,46,59,70,67,62,32,79,64,69,32,10,78,63,70,76,58,72,45
2015-09-06,73,79,60,79,33,73,32,82,45,92,78,33,79,40,77,49,44,73,21,71,48,65,65,72,81,75,52,45,58,75,81,71,31,24,66,79,12,54,79,53,87,57,81,72,74,81,48,78,21,58,20,48,57,49,58,27,59,85,46,71,32,42,48,74,71,86,64,25,73,61,45,51,26,75,66,76,33,62,46,54,71,61,65,34,100,66,73,35,14,77,64,69,75,63,76,47
2015-09-13,79,85,72,74,33,75,32,91,48,100,91,31,85,41,87,55,50,87,25,78,53,71,71,74,89,75,89,48,55,84,82,69,37,22,76,82,13,61,77,49,100,57,86,79,75,80,49,83,21,61,20,51,49,50,50,26,60,87,46,70,36,44,46,73,71,91,64,24,80,59,45,50,23,71,71,77,37,60,47,55,68,65,63,33,18,67,80,30,3,75,60,69,73,58,80,48
2015-09-20,83,86,89,71,32,76,29,90,48,97,98,34,89,49,85,52,50,88,24,68,49,76,71,69,90,73,55,47,56,85,79,75,34,21,73,80,15,58,78,50,97,99,81,77,76,80,50,80,22,64,20,53,48,53,53,27,58,84,46,73,36,41,44,68,69,88,65,25,80,62,46,50,23,70,75,77,37,62,50,54,68,68,64,35,17,66,96,25,3,74,62,70,74,55,73,48
2015-09-27,81,88,100,64,33,79,27,91,49,95,83,35,90,47,87,55,53,87,23,72,46,74,71,73,96,77,53,46,74,93,84,75,38,22,73,81,13,58,80,49,97,65,82,84,75,78,49,84,21,61,20,51,46,53,49,26,58,86,50,71,35,42,46,69,70,86,65,23,81,57,44,51,22,78,86,75,36,63,48,57,65,65,62,34,17,65,88,29,33,77,63,63,76,57,79,51
2015-10-04,87,85,95,64,33,76,21,87,47,94,81,35,83,47,88,56,46,85,22,73,48,72,71,73,91,76,51,45,69,97,84,73,38,20,68,80,15,58,83,50,95,65,77,75,73,77,50,82,21,65,20,50,44,53,54,23,59,87,48,72,35,42,46,66,68,88,62,27,83,62,47,48,21,71,86,74,37,61,46,55,67,66,63,35,17,61,78,29,16,76,63,68,75,60,83,50
2015-10-11,87,86,94,63,34,75,20,80,47,93,75,34,91,45,89,58,46,88,25,70,45,76,69,77,95,76,51,45,64,91,81,75,50,19,68,78,14,57,79,49,92,58,71,83,71,78,52,78,23,62,21,51,46,54,54,24,56,85,52,76,34,42,45,62,68,81,62,31,78,60,46,49,21,66,85,72,37,61,49,53,68,62,62,34,16,62,71,31,7,76,63,64,73,58,82,51
2015-10-18,84,86,97,66,33,73,18,81,52,90,74,33,89,45,91,55,45,91,25,73,45,75,69,72,93,75,45,45,75,94,79,72,66,18,73,77,13,55,78,46,93,74,75,78,74,77,51,80,22,67,23,51,45,53,51,24,62,82,47,74,34,39,45,62,69,83,63,24,80,57,45,49,20,64,83,73,37,60,46,50,66,60,62,34,16,67,72,27,13,73,62,63,74,60,81,49
2015-10-25,83,89,84,84,33,73,17,88,49,95,70,34,92,51,91,54,49,90,24,77,44,80,71,79,89,72,55,47,84,90,79,73,75,17,74,74,12,54,76,44,93,87,74,85,73,78,53,79,24,65,30,50,44,54,44,32,57,81,47,81,34,40,45,64,70,82,60,25,81,55,44,47,20,65,84,72,41,57,53,52,62,61,66,33,15,65,76,29,3,71,61,60,77,60,85,50
2015-11-01,85,88,81,96,35,80,16,82,51,94,71,39,95,46,92,54,50,100,25,74,47,85,72,83,90,71,50,48,68,97,84,75,60,16,74,78,14,58,78,46,97,100,74,86,75,76,54,83,24,69,26,50,46,58,51,33,54,84,47,70,33,43,48,60,71,91,64,34,88,61,46,48,20,65,73,72,39,59,49,55,67,60,64,35,15,67,74,25,10,74,66,61,75,62,93,56
2015-11-08,84,83,77,83,35,72,15,85,49,93,67,36,93,45,94,50,45,100,24,76,46,72,67,78,86,73,54,46,67,94,84,71,40,17,69,75,13,55,78,47,89,89,73,91,74,76,50,78,24,72,20,48,52,56,50,30,66,84,53,67,33,42,52,58,72,88,63,46,84,65,46,51,20,65,71,71,38,61,54,58,68,59,65,32,16,62,83,34,7,75,68,62,74,62,84,50
2015-11-15,80,86,73,81,33,72,15,82,49,90,68,34,90,49,95,52,43,100,25,70,43,79,68,76,96,73,55,46,64,93,78,89,33,16,66,74,15,54,81,48,89,81,69,87,73,76,50,76,22,71,20,56,55,55,47,27,73,82,50,67,33,40,53,68,70,88,58,41,79,61,43,50,19,62,67,69,35,60,47,58,62,60,67,33,15,63,100,22,6,72,65,59,72,60,89,54
2015-11-22,60,63,35,49,30,71,11,58,38,55,66,29,67,38,68,33,35,59,19,54,45,56,52,58,55,71,43,40,49,63,75,64,26,14,56,59,15,39,77,48,59,73,49,69,67,74,50,63,22,59,18,47,51,49,46,22,62,71,45,67,22,32,89,65,69,60,44,56,59,68,43,54,17,59,60,72,26,60,69,48,61,51,76,29,11,60,73,19,3,79,74,57,67,76,68,45
2015-11-29,81,83,62,67,37,82,14,82,51,86,70,33,87,45,94,51,41,88,22,72,49,84,66,80,88,71,62,45,53,93,85,70,32,16,67,77,11,54,83,41,91,88,75,90,74,75,58,82,24,88,19,48,50,59,44,22,62,86,52,67,32,43,64,57,66,95,50,59,80,72,46,55,19,65,64,69,36,60,45,56,59,62,72,35,14,63,89,21,6,77,68,58,71,61,88,56
2015-12-06,82,86,80,67,37,81,16,88,47,100,69,35,90,49,90,52,44,88,26,78,48,84,69,81,94,76,61,44,65,96,80,68,33,17,73,73,13,54,87,47,89,85,73,100,74,79,53,82,25,93,19,49,54,60,45,24,63,89,43,65,32,39,57,62,67,98,58,63,79,68,48,53,19,62,68,68,37,59,49,53,65,60,74,33,15,67,98,30,22,78,66,61,72,64,83,52
2015-12-13,74,77,75,58,37,84,19,75,50,90,67,35,81,43,79,47,43,87,23,71,46,82,68,74,86,76,100,44,63,83,84,70,31,18,65,69,12,54,87,48,78,76,72,92,79,85,56,77,32,100,18,49,52,68,46,23,56,95,43,70,28,37,66,60,68,92,51,67,78,67,49,54,18,62,63,72,34,61,53,58,68,61,79,32,15,62,84,30,10,76,73,65,76,74,72,53
2015-12-20,54,54,22,37,33,80,13,42,41,38,62,28,58,35,52,32,32,43,17,46,49,60,50,52,34,73,55,38,64,52,77,62,25,14,58,56,14,38,92,54,40,65,42,64,75,92,60,61,24,89,19,44,41,61,47,24,45,83,37,74,16,30,77,74,73,52,42,99,53,69,45,58,17,57,54,76,24,59,58,52,74,55,86,26,11,66,63,9,4,75,72,71,65,95,54,47
2015-12-27,58,61,16,39,37,84,13,40,44,36,68,35,63,45,54,33,31,45,15,45,51,62,52,54,27,78,44,43,68,59,91,85,23,15,46,67,15,39,84,68,29,53,47,58,81,88,65,65,24,35,19,48,38,65,44,22,48,79,44,78,15,30,64,68,74,52,55,52,64,68,50,58,20,64,56,77,26,66,100,57,94,52,80,33,12,65,49,11,3,88,84,78,73,100,60,49
2016-01-03,82,78,36,50,45,89,36,72,63,73,65,48,77,62,71,44,50,70,18,57,52,72,71,71,65,90,53,47,79,80,88,90,30,37,62,87,18,52,80,78,65,70,70,70,87,89,71,70,25,49,18,53,45,67,53,22,54,96,46,76,23,39,54,66,73,80,57,24,83,57,48,54,20,68,64,77,35,71,46,69,79,52,71,35,16,60,60,26,11,81,78,66,66,71,74,51
2016-01-10,80,76,42,55,48,81,38,85,60,83,87,42,79,60,70,49,56,72,22,59,59,72,71,72,68,88,51,48,89,82,83,81,39,37,61,84,18,55,79,73,72,77,76,72,88,89,64,70,31,55,18,50,44,63,56,24,54,89,46,76,25,40,51,66,70,88,63,22,82,54,49,50,19,68,100,78,40,69,44,66,80,51,67,37,16,60,65,35,5,76,76,65,66,69,70,49
2016-01-17,79,77,49,85,45,76,41,87,65,84,72,38,82,63,75,50,50,71,24,58,51,75,70,76,66,97,50,50,67,83,81,83,47,41,63,85,18,55,78,79,76,65,81,66,81,86,74,70,26,52,18,50,45,68,63,26,55,87,48,75,26,39,45,63,72,81,56,24,82,55,51,52,21,77,71,77,37,73,44,80,82,54,74,34,16,60,66,41,11,80,80,67,69,70,72,56
2016-01-24,86,89,53,74,45,78,32,87,58,94,69,42,98,69,88,61,55,70,28,65,51,85,72,78,79,89,57,50,80,84,85,85,76,26,68,90,15,57,79,75,87,69,93,71,83,85,79,73,25,62,18,51,45,82,58,22,56,90,50,73,29,39,45,65,72,90,58,18,90,58,54,54,20,76,68,80,41,71,45,72,83,57,78,37,16,63,66,34,5,76,76,66,71,65,84,61
2016-01-31,88,89,63,70,43,82,27,95,59,96,80,41,100,72,86,67,53,73,35,69,50,87,73,79,77,88,51,52,82,85,84,81,65,23,68,88,15,57,80,75,86,72,93,74,82,82,81,78,25,63,18,52,49,100,55,23,59,88,43,78,31,39,45,62,73,90,61,19,85,54,100,54,21,76,74,78,45,69,46,76,81,54,75,36,16,66,69,39,5,75,78,66,69,63,85,60
2016-02-07,84,87,64,72,40,78,32,92,58,91,75,39,91,57,89,68,56,74,36,71,49,84,72,76,75,89,53,48,83,86,85,83,54,28,68,85,16,57,80,73,82,63,85,79,82,82,69,73,25,64,19,47,49,79,55,23,56,85,46,76,30,39,49,64,71,94,61,23,77,52,56,56,20,71,66,83,43,68,50,69,85,53,76,33,16,62,70,44,18,73,76,72,69,65,88,58
2016-02-14,86,85,64,66,38,75,25,86,53,85,73,39,92,56,89,68,43,67,35,70,49,73,68,75,75,91,49,49,88,85,83,86,47,24,69,84,14,54,77,76,78,54,79,81,79,83,61,73,31,63,18,48,47,70,56,24,71,84,44,80,29,39,49,59,73,90,62,25,79,53,51,53,22,74,69,85,85,68,65,64,90,52,74,35,15,62,67,30,8,76,81,81,75,72,90,61
2016-02-21,92,88,69,68,37,76,23,91,53,93,71,41,92,69,92,70,44,72,43,69,51,82,68,77,82,88,50,54,76,88,83,86,48,21,71,90,12,59,78,77,87,94,83,88,79,84,73,79,28,65,19,49,51,72,55,24,59,86,46,98,31,41,47,57,75,93,64,19,81,53,52,54,21,76,72,86,54,72,45,78,84,56,66,36,17,62,71,38,13,75,81,78,73,62,100,61
2016-02-28,88,93,64,67,36,83,22,93,55,88,76,40,87,51,96,67,43,70,55,70,49,88,66,77,85,84,51,52,69,90,84,86,39,20,75,91,13,57,80,71,93,78,80,80,78,81,69,77,26,64,18,49,49,69,54,25,56,85,46,100,30,41,45,63,73,91,67,19,81,54,48,55,21,74,72,86,44,71,44,69,80,53,64,37,17,61,67,23,8,77,77,81,72,62,94,62
2016-03-06,84,89,53,71,34,73,22,92,54,84,74,38,86,63,91,65,43,70,53,65,46,86,66,73,79,87,49,53,67,85,80,87,35,19,72,88,13,53,84,74,83,62,74,80,75,81,60,75,25,59,18,50,62,63,51,22,54,83,47,91,30,41,46,63,74,88,69,20,78,57,50,54,20,77,70,84,41,71,47,74,82,54,66,36,16,77,68,24,13,79,77,85,74,56,97,63
2016-03-13,81,84,47,66,34,73,21,79,52,77,80,36,82,61,86,62,41,66,48,65,48,81,64,77,77,86,52,50,90,84,81,82,33,18,69,89,12,53,81,74,79,59,77,71,75,86,59,75,25,57,19,49,55,61,51,24,55,82,48,87,28,39,45,60,78,83,67,24,75,55,48,55,21,78,66,85,41,70,50,78,82,53,69,34,17,63,64,25,11,77,78,86,74,60,78,62
2016-03-20,84,80,47,66,33,70,18,75,48,68,84,36,83,59,85,59,40,62,35,60,47,71,61,74,72,83,50,48,75,75,81,80,32,19,67,92,13,51,79,75,72,57,70,73,74,84,62,72,26,53,19,48,47,59,53,26,53,85,47,83,26,38,46,63,75,74,65,26,76,57,49,51,19,75,66,83,37,73,50,77,85,52,66,33,16,68,69,21,16,77,80,85,76,63,89,61
2016-03-27,88,86,49,66,34,78,20,76,48,82,80,37,84,57,90,64,41,63,32,66,51,82,65,76,73,84,50,52,71,81,86,83,34,17,66,97,12,54,83,100,77,81,75,81,80,84,67,73,25,56,20,51,49,61,53,25,57,89,46,82,27,39,46,61,75,77,68,24,80,55,50,52,21,77,68,85,39,70,62,79,84,54,65,35,16,59,67,24,11,83,81,88,74,64,83,64
2016-04-03,91,86,52,68,33,74,17,86,50,86,83,40,88,71,92,67,40,66,33,65,50,80,65,80,81,84,51,53,78,85,85,88,39,16,68,99,11,55,83,74,87,69,74,85,78,86,68,74,26,60,19,48,54,63,51,29,59,87,42,80,30,42,45,53,78,86,69,21,80,59,48,52,20,79,67,83,42,70,43,85,82,52,66,34,17,74,65,27,5,82,81,87,74,58,90,66
2016-04-10,93,91,57,73,37,74,18,94,54,85,78,40,92,70,93,81,40,68,29,68,50,86,66,85,85,86,52,53,87,89,87,86,53,18,70,100,11,58,83,75,94,70,80,87,79,87,75,76,24,64,18,50,66,75,50,26,61,91,45,82,31,43,45,59,78,88,69,21,78,55,52,54,22,78,70,85,43,75,44,75,82,55,72,36,17,64,67,27,11,83,79,89,74,63,92,69
2016-04-17,87,90,47,74,33,74,19,92,54,81,81,41,88,73,90,69,43,69,32,81,51,81,65,79,80,86,52,51,90,84,82,81,68,17,66,97,12,53,82,72,96,67,76,88,80,88,63,72,24,62,19,52,63,67,52,25,58,86,39,81,30,42,44,59,77,88,67,21,76,59,50,52,21,82,68,87,42,68,46,72,80,53,72,34,17,61,67,18,11,79,76,92,72,57,94,59
2016-04-24,85,91,67,75,34,72,17,90,51,85,89,38,89,68,95,58,44,67,32,74,51,82,67,83,87,85,52,50,84,85,81,81,100,17,68,98,12,52,81,70,93,68,73,86,80,89,58,77,26,65,19,51,69,54,50,24,64,81,41,81,31,40,45,55,74,85,67,19,76,56,47,52,21,78,67,81,43,66,44,80,80,53,72,36,17,65,65,19,24,81,77,92,72,57,89,55
2016-05-01,88,88,65,75,34,79,17,91,52,87,89,37,87,68,89,51,44,67,34,68,51,85,64,82,88,84,50,49,73,82,83,77,58,16,66,94,11,54,83,77,91,63,73,85,81,88,52,73,31,69,19,55,100,53,48,25,59,83,44,82,29,41,46,60,77,86,69,21,75,55,50,53,20,77,67,84,44,68,54,80,87,53,73,33,17,62,68,29,8,82,77,93,72,58,81,48
2016-05-08,82,85,47,68,32,75,17,84,47,83,100,35,78,62,82,50,36,63,29,64,51,74,63,77,78,83,47,49,70,82,82,78,43,15,65,92,11,54,84,80,83,70,69,84,88,90,53,74,63,61,19,51,98,50,50,25,55,85,42,80,28,40,45,56,80,78,70,21,77,59,48,53,21,79,67,83,43,67,82,83,90,54,69,34,16,61,62,25,8,85,77,100,75,63,79,47
2016-05-15,78,82,43,63,31,73,17,83,47,71,87,37,74,58,80,49,38,65,25,52,50,66,63,71,74,86,50,48,71,79,86,77,34,15,64,95,11,53,83,78,81,63,71,72,89,87,52,75,51,57,19,49,71,50,51,35,55,87,48,85,26,39,45,60,81,78,66,22,76,59,48,53,20,82,69,89,37,74,45,77,86,52,70,34,18,62,59,25,5,85,76,91,80,63,77,49
2016-05-22,73,74,38,59,31,73,17,73,42,65,91,37,70,56,77,46,40,62,22,55,52,62,60,69,67,85,50,48,60,73,81,76,29,13,64,86,12,48,81,78,71,58,59,68,85,85,51,69,38,53,18,47,61,50,49,29,55,83,43,83,23,37,46,59,80,68,64,24,74,59,48,51,20,87,65,86,34,69,47,72,86,53,66,32,18,67,53,18,6,85,76,93,80,63,73,46
2016-05-29,67,70,27,50,32,79,13,61,38,49,87,32,67,52,70,39,35,50,21,52,53,57,56,60,56,84,47,48,45,68,86,78,25,12,67,85,9,45,78,83,65,56,56,57,85,86,48,64,33,48,20,49,53,48,48,37,57,78,43,81,21,39,49,61,78,69,62,26,67,64,47,53,21,94,61,88,31,72,45,73,91,48,66,34,17,66,51,17,20,85,77,92,79,68,66,42
2016-06-05,75,73,31,53,32,75,17,60,42,52,86,32,69,43,73,44,37,56,27,54,52,65,66,67,57,81,49,47,60,67,82,77,26,13,69,86,9,45,77,75,65,53,65,59,81,93,46,64,30,48,19,48,43,46,48,27,55,83,38,80,21,40,47,59,77,66,62,23,72,61,47,52,20,88,65,89,43,73,46,71,84,51,66,34,17,65,50,17,0,82,76,89,77,64,63,52
2016-06-12,75,68,28,55,32,76,16,51,41,43,85,31,69,45,72,45,37,54,23,48,52,62,61,60,47,80,53,44,51,63,84,76,26,13,67,88,10,43,71,73,64,53,57,56,78,89,45,61,26,43,20,44,40,45,51,27,54,85,50,78,20,38,48,58,75,62,59,22,72,60,47,51,20,89,61,90,32,71,47,69,92,51,65,34,16,68,61,19,8,81,76,82,75,68,69,42
2016-06-19,73,68,27,48,32,75,35,64,58,44,92,38,67,42,70,44,57,54,21,48,51,67,68,60,42,82,46,46,85,63,81,79,28,34,70,89,21,42,71,76,50,54,56,52,84,91,47,63,30,37,19,47,33,47,71,26,54,82,48,81,19,38,47,63,75,63,60,24,71,61,46,54,20,94,66,91,35,73,66,100,88,54,67,32,16,67,45,39,8,80,73,82,75,68,63,47
2016-06-26,74,67,26,48,33,79,41,56,54,39,87,37,66,47,71,42,50,52,21,50,54,76,69,61,41,83,47,46,61,63,86,76,28,30,68,85,16,44,72,78,49,48,54,55,81,91,45,59,26,37,20,43,33,47,67,28,69,84,45,82,19,36,50,65,78,67,71,25,72,68,48,56,21,98,68,92,34,78,45,89,88,52,66,33,18,61,47,35,14,82,77,83,75,67,65,46
2016-07-03,67,65,23,44,32,76,18,48,43,38,81,32,59,49,63,37,33,50,23,57,54,63,56,58,37,76,44,44,50,61,84,73,30,14,60,83,9,39,70,83,44,56,51,55,77,90,44,59,26,35,18,45,36,43,54,25,73,76,51,82,18,34,48,62,80,59,59,30,66,66,46,52,19,88,60,90,32,72,52,70,91,46,67,31,18,88,45,24,3,83,78,83,76,70,63,38
2016-07-10,77,69,24,45,32,78,24,49,52,38,80,36,64,46,68,44,43,52,24,57,52,65,63,63,39,79,47,49,69,64,85,80,42,17,63,92,15,41,71,75,48,54,58,53,78,90,45,65,27,37,17,57,32,45,53,26,54,85,47,81,17,36,49,57,78,61,58,24,75,67,46,54,20,90,65,92,34,75,41,78,95,52,66,32,19,97,49,23,6,87,80,83,71,64,59,41
2016-07-17,75,70,25,48,34,79,20,53,47,41,87,33,69,58,75,44,44,51,37,57,55,63,63,66,42,79,44,49,72,62,84,78,64,15,62,92,13,42,74,73,46,51,54,53,78,88,50,66,29,37,17,50,31,46,51,24,53,89,50,81,18,36,49,72,77,66,66,25,72,70,47,55,20,94,66,92,39,76,44,78,94,52,69,33,20,98,50,23,6,80,79,79,75,65,62,47
2016-07-24,72,67,24,50,33,74,18,52,45,38,86,33,68,62,69,42,47,50,57,51,58,69,63,62,42,80,51,47,71,63,83,80,80,13,62,90,11,41,71,72,46,61,55,54,75,88,55,66,29,39,18,49,41,45,49,26,51,88,45,82,18,35,48,71,78,61,53,23,73,66,48,56,21,93,62,92,39,73,45,71,93,53,68,33,21,100,44,18,0,78,78,79,71,69,63,44
2016-07-31,79,68,24,45,32,78,17,50,45,42,82,38,65,59,68,42,45,54,48,54,55,75,62,67,41,80,46,45,60,62,87,78,60,13,66,92,11,42,70,74,45,52,53,50,73,88,50,67,29,36,17,49,36,44,51,33,49,91,45,80,17,37,49,62,76,60,58,24,75,63,48,63,20,87,62,88,37,71,44,91,93,51,69,32,23,84,44,19,9,79,80,77,67,63,56,57
2016-08-07,72,67,23,40,30,72,16,48,40,46,77,33,64,49,65,38,42,83,38,46,51,68,57,64,41,80,45,42,54,58,85,78,44,12,63,93,10,44,69,73,49,46,54,51,72,82,50,63,30,37,17,57,29,43,45,41,48,91,48,74,17,37,46,58,73,64,55,22,76,66,45,92,19,95,58,89,33,67,41,81,88,52,62,32,24,85,44,18,3,75,76,74,66,60,53,48
2016-08-14,65,63,23,40,30,70,15,50,40,49,72,32,66,45,61,37,36,79,32,43,48,58,56,63,49,76,47,42,47,61,86,74,32,11,59,91,9,45,68,71,53,53,58,51,73,83,45,65,30,38,18,46,37,45,45,25,48,89,42,75,19,38,48,57,76,60,53,20,76,65,46,82,19,86,59,83,32,65,43,76,86,48,64,31,29,82,47,18,6,75,76,73,65,59,55,42
2016-08-21,72,71,34,40,29,70,14,62,40,75,75,89,73,51,67,39,38,65,36,45,50,61,56,66,59,80,53,44,64,62,83,74,30,12,66,89,10,46,73,73,66,58,66,55,70,85,46,66,28,42,18,44,42,47,46,23,50,93,45,77,25,40,48,60,77,61,51,21,81,61,48,65,18,79,60,84,34,66,44,70,83,49,66,33,41,96,50,22,3,75,76,71,61,56,65,44
2016-08-28,73,74,41,45,30,75,14,71,39,82,76,63,75,55,73,42,32,64,36,56,54,61,55,65,67,79,49,43,61,70,83,73,32,13,71,85,10,52,75,71,77,61,74,61,72,85,45,69,33,53,19,45,43,49,51,25,55,91,52,75,27,41,48,55,76,78,56,22,78,61,48,54,19,83,63,85,34,62,43,66,81,51,66,34,70,85,61,31,0,79,74,71,66,56,67,40
2016-09-04,73,76,48,46,28,71,12,76,40,84,78,35,87,55,76,41,33,63,37,61,51,59,54,68,72,82,48,47,55,67,83,74,31,13,67,79,10,50,77,78,78,58,78,60,74,89,48,72,31,58,19,42,43,50,48,24,54,81,51,78,30,40,48,56,80,84,55,28,73,62,48,58,19,82,65,84,33,66,43,74,80,46,68,35,98,87,61,37,8,78,76,73,69,58,80,43
2016-09-11,76,86,64,52,30,71,17,86,43,95,78,33,87,54,80,51,36,76,39,69,51,66,60,68,80,77,51,47,84,76,82,76,32,15,66,80,11,55,79,67,94,62,82,70,74,83,47,75,31,64,18,46,43,52,49,26,60,84,52,75,33,40,46,57,75,89,53,23,84,68,52,57,19,78,68,82,35,61,44,74,76,47,69,34,17,74,66,32,8,78,73,72,65,53,77,48
2016-09-18,78,85,68,58,28,70,15,84,44,90,78,36,82,54,83,48,42,74,40,63,52,69,59,69,87,77,60,46,63,77,80,78,32,13,66,81,11,54,78,71,91,65,76,74,73,82,47,72,32,64,18,43,42,51,47,27,54,83,53,74,35,38,45,55,77,90,53,20,78,64,47,53,20,78,72,80,36,62,43,63,77,52,66,34,16,68,68,30,8,77,72,69,67,53,86,46
2016-09-25,78,85,84,58,28,74,15,84,46,96,79,39,86,57,86,48,40,82,54,70,50,65,59,69,87,80,52,48,59,84,81,72,33,15,63,79,11,53,77,69,88,63,74,74,74,82,53,73,30,63,17,46,44,53,51,44,56,86,54,74,35,37,44,57,78,92,55,23,79,96,47,53,19,77,71,79,43,59,43,68,76,52,64,34,15,63,74,29,8,76,76,67,68,54,86,51
2016-10-02,79,86,82,56,29,72,13,79,46,86,77,36,84,49,87,47,40,80,46,64,51,67,57,70,83,77,45,46,59,86,82,76,33,14,69,77,12,50,75,64,83,63,69,76,72,80,63,72,33,62,18,44,47,54,47,23,53,83,56,76,32,37,43,53,77,91,56,30,77,89,46,54,19,74,78,79,39,62,44,69,77,49,69,35,15,62,69,29,11,75,73,67,66,56,74,50
2016-10-09,79,84,80,55,30,70,14,81,43,96,76,36,84,50,87,49,37,82,64,66,50,63,57,73,79,78,47,47,53,89,81,75,39,15,67,76,11,50,75,65,82,62,70,72,71,85,51,70,33,62,19,46,52,56,50,25,51,87,56,80,33,37,44,56,78,85,54,35,78,84,49,56,19,74,77,79,41,60,45,74,76,49,69,34,15,68,70,25,8,75,75,67,67,57,85,46
2016-10-16,81,85,81,55,29,73,13,84,46,83,84,39,86,59,86,49,37,80,59,66,50,65,58,74,82,77,48,45,54,87,82,76,58,13,65,77,9,51,76,67,80,69,68,80,73,81,50,72,33,61,19,48,49,56,47,23,51,84,58,80,31,37,44,51,77,86,55,27,78,77,47,53,18,70,75,78,47,59,42,68,81,50,66,33,15,62,70,20,5,77,77,70,66,57,88,48
2016-10-23,84,88,83,57,30,71,14,85,50,86,80,39,89,54,90,53,43,85,59,69,52,75,62,73,86,78,48,46,61,86,75,72,77,14,66,77,11,53,77,67,86,64,73,81,73,87,48,71,33,65,37,42,44,55,49,27,52,84,58,81,32,37,44,55,80,92,52,28,83,72,48,55,19,70,71,79,41,59,43,70,75,50,69,34,16,61,71,24,8,74,76,65,67,56,85,54
2016-10-30,77,85,76,58,31,74,13,83,48,86,88,37,87,47,86,48,42,86,81,67,49,71,60,69,82,77,48,47,77,86,81,73,55,16,68,78,12,50,74,66,85,67,71,76,71,84,49,69,32,64,57,48,43,56,46,22,51,86,62,77,31,37,44,60,78,90,54,34,83,67,46,53,19,67,70,75,39,59,50,69,73,48,70,32,15,61,67,29,11,75,77,62,69,57,83,51
2016-11-06,78,82,54,54,31,67,69,100,100,86,80,43,81,50,79,42,99,80,100,61,49,70,69,66,74,74,45,45,75,78,73,77,37,92,63,71,27,46,70,60,84,58,65,76,75,82,74,65,32,62,18,42,47,47,100,23,58,87,85,81,27,34,48,55,74,83,46,42,76,64,46,55,25,63,57,70,48,56,44,76,70,44,65,30,14,56,71,100,10,69,75,62,64,56,71,50
2016-11-13,83,90,62,63,32,74,20,90,67,88,74,43,89,59,93,49,57,89,36,66,51,81,64,79,85,80,49,46,68,92,82,75,36,20,69,78,12,52,80,69,90,66,70,88,74,88,51,74,27,72,18,43,46,51,52,21,58,88,100,78,31,39,55,59,83,97,54,47,83,68,50,57,21,70,69,79,43,61,43,76,75,50,74,34,16,66,73,32,5,77,79,64,67,58,87,54
2016-11-20,65,66,36,46,26,68,15,60,52,51,69,33,65,55,65,33,39,58,25,54,51,60,49,57,60,79,39,38,71,58,76,63,25,18,55,60,15,37,82,85,51,51,49,69,71,86,48,59,25,55,17,41,40,47,45,45,83,72,59,73,21,29,96,58,81,64,44,60,57,73,48,62,17,62,56,78,29,60,69,75,76,43,82,30,12,58,66,22,11,90,87,64,63,71,67,44
2016-11-27,84,91,58,65,37,78,16,88,59,83,71,42,90,52,93,46,46,80,27,67,55,87,60,81,89,82,51,45,65,87,83,76,30,16,68,80,13,51,80,65,89,66,70,83,76,90,52,73,28,83,18,45,47,56,44,51,58,89,62,72,31,37,63,60,75,92,56,60,79,71,49,64,19,71,63,77,41,69,40,71,69,51,82,36,16,59,81,27,7,81,81,63,64,57,89,56
2016-12-04,88,91,65,66,34,72,17,92,61,90,65,42,88,54,91,49,46,82,25,71,56,93,61,84,95,80,54,45,64,91,80,73,35,18,73,80,12,55,80,64,93,66,71,95,79,90,56,73,31,94,18,43,49,57,45,30,56,89,56,76,31,37,54,60,79,100,52,61,79,69,49,60,18,69,64,78,42,65,44,77,73,49,81,34,16,57,76,29,2,79,78,62,65,59,83,58
2016-12-11,82,80,66,60,34,72,22,84,59,93,69,39,79,47,85,44,43,77,25,59,53,93,60,76,90,84,78,43,71,86,81,67,29,18,67,73,12,48,79,64,83,68,70,88,75,91,55,72,30,95,17,45,50,59,43,24,52,96,47,76,28,37,60,56,78,95,49,65,76,69,49,63,17,68,61,83,36,64,46,74,75,50,82,32,15,60,74,26,7,79,78,62,64,60,76,60
2016-12-18,64,63,32,45,34,71,21,54,54,53,68,34,60,37,60,36,43,57,19,45,55,74,53,57,51,81,57,38,59,60,82,64,25,16,60,61,15,37,75,84,49,54,50,59,73,99,52,63,44,92,16,43,40,55,46,24,46,95,42,80,18,32,75,63,80,63,39,87,62,70,50,61,16,63,58,82,28,60,52,72,82,48,84,31,12,68,62,17,0,80,83,70,62,75,61,46
2016-12-25,57,55,12,37,35,71,17,41,56,31,62,36,52,32,51,29,34,40,14,44,52,60,46,52,34,84,39,40,58,50,83,80,19,19,52,64,14,32,70,72,29,55,35,51,76,95,62,56,31,50,17,40,37,66,43,28,51,86,43,91,14,27,61,59,95,52,45,65,60,71,48,63,18,67,55,85,27,64,65,63,98,42,88,30,11,66,57,19,6,86,87,75,67,94,51,48
2017-01-01,76,74,24,46,45,73,18,57,65,61,62,46,67,40,64,40,40,60,17,51,55,74,58,68,54,85,47,49,56,68,88,100,28,18,61,81,16,46,74,80,57,53,58,60,80,93,71,66,33,44,18,46,40,68,42,28,48,95,50,84,20,36,51,64,80,62,51,37,76,78,49,58,19,74,58,81,35,75,67,75,81,49,75,35,14,60,55,14,5,85,86,71,69,74,69,54
2017-01-08,79,83,40,51,41,68,18,72,68,82,63,45,78,53,73,47,44,68,25,54,54,76,60,78,75,84,50,50,58,78,85,94,39,16,70,86,14,49,75,67,75,69,76,67,79,94,71,69,29,57,18,47,44,68,42,23,82,97,52,78,25,40,47,58,80,76,57,25,82,64,50,58,19,76,65,82,40,76,42,74,80,51,74,35,15,57,61,30,7,75,82,67,70,68,82,54
2017-01-15,83,97,46,47,44,67,17,81,64,87,66,42,83,57,79,51,44,72,29,57,62,68,57,75,73,84,49,48,63,79,85,91,48,19,68,88,14,53,79,70,80,74,83,74,80,94,73,69,29,61,18,51,44,76,48,24,63,99,53,88,28,41,47,62,78,86,58,27,83,66,50,56,20,76,65,80,46,73,41,80,84,51,76,35,16,63,73,25,2,79,84,68,70,70,77,57
2017-01-22,91,94,55,56,43,67,29,94,77,98,72,46,91,59,89,59,54,78,34,69,100,83,62,80,83,86,53,52,62,82,85,87,68,21,75,87,14,55,78,70,96,70,93,76,84,92,91,74,28,66,18,78,46,84,47,27,59,96,54,86,36,40,45,57,80,89,60,19,87,63,49,59,20,77,67,80,47,72,42,74,86,53,76,35,16,56,70,36,10,77,86,65,70,67,86,62
2017-01-29,93,94,56,64,40,74,26,89,76,97,75,49,96,50,91,64,56,75,35,71,90,91,68,85,81,85,58,52,85,86,89,91,81,21,80,90,15,57,77,71,92,72,99,79,85,91,76,76,27,70,18,46,47,85,51,23,63,93,67,80,36,40,45,58,82,95,62,19,84,59,50,60,20,79,67,79,45,100,42,77,84,54,79,34,17,61,87,40,7,78,85,67,71,63,86,61
2017-02-05,92,91,52,58,36,67,19,85,72,92,77,48,90,52,90,66,47,75,31,71,96,93,63,76,87,84,48,54,91,83,84,87,64,18,69,87,12,56,78,66,92,67,92,85,81,86,72,76,31,67,18,44,45,77,45,21,60,87,61,77,33,37,44,59,77,90,56,19,78,59,49,58,20,75,66,80,41,89,40,75,80,52,84,35,16,65,69,30,17,77,82,68,67,65,91,60
2017-02-12,91,92,63,61,35,72,21,88,73,86,71,46,86,51,93,71,53,72,30,68,73,98,64,81,81,81,49,50,76,80,86,85,50,20,75,84,15,56,76,70,87,74,82,87,77,91,77,73,100,66,17,43,44,80,48,23,58,85,63,78,31,38,45,54,78,87,61,24,82,59,50,55,20,75,64,79,40,75,68,73,93,51,76,34,17,63,64,23,7,76,81,78,74,67,87,61
2017-02-19,88,94,56,57,33,71,19,81,69,82,72,50,89,49,90,69,45,69,27,71,72,90,62,81,73,84,49,55,69,84,90,93,53,20,79,87,13,53,82,71,83,67,78,74,82,90,66,73,41,59,18,43,44,77,47,25,58,88,53,80,30,40,47,58,79,83,61,26,81,63,49,57,20,78,67,91,45,78,41,77,85,49,68,35,17,62,62,27,10,78,81,76,73,68,97,66
2017-02-26,97,96,64,59,33,75,26,87,78,89,78,53,90,51,96,68,58,71,27,73,68,100,70,84,79,84,50,53,80,89,93,89,48,24,81,91,17,55,82,70,91,77,83,88,79,90,65,72,34,64,18,43,47,73,49,28,54,90,49,77,32,40,47,53,84,90,68,19,81,57,48,56,19,77,67,85,49,77,40,79,81,53,65,34,17,64,66,28,9,77,79,76,72,69,95,67
2017-03-05,95,94,55,57,32,71,19,85,72,83,81,49,93,47,94,66,53,74,26,72,62,92,62,85,82,88,52,53,80,98,87,93,38,19,76,93,15,56,89,71,91,71,78,79,80,92,64,74,39,63,18,45,49,68,49,24,56,88,49,80,30,39,49,59,84,87,70,20,87,64,48,56,20,79,69,89,40,84,43,82,84,55,68,36,17,67,65,24,5,81,84,81,76,69,92,62
2017-03-12,85,87,43,57,31,68,17,76,60,74,73,45,81,45,85,65,48,65,22,62,58,90,57,79,71,85,65,52,72,80,84,90,32,16,69,90,13,51,78,69,76,64,74,79,75,89,100,69,32,55,18,45,44,72,48,23,50,86,47,81,27,41,44,56,83,77,63,21,82,65,47,57,19,75,61,85,42,86,43,69,84,50,68,34,15,61,60,24,0,80,79,79,78,70,91,64
2017-03-19,94,88,52,63,31,67,21,76,60,81,82,44,84,48,93,63,50,66,26,70,58,85,62,79,73,88,50,52,75,81,83,89,36,20,76,94,12,52,76,74,84,69,73,84,76,92,57,72,32,58,19,45,46,65,49,24,70,89,55,80,30,40,45,59,81,81,66,20,90,62,47,53,19,78,65,86,40,78,42,77,84,53,67,34,16,63,62,28,12,79,84,82,73,69,95,65
2017-03-26,91,92,49,61,30,74,21,80,63,85,92,45,90,45,96,63,49,68,26,71,59,86,63,79,72,86,49,53,67,84,84,93,36,18,73,98,12,55,79,71,89,56,77,80,78,98,57,74,29,61,18,46,47,65,50,26,73,89,50,83,30,41,45,57,85,80,67,22,83,62,48,56,19,81,66,87,40,76,40,74,86,52,68,34,17,60,60,31,2,82,84,87,77,67,91,69
2017-04-02,96,89,49,67,32,74,18,81,61,88,83,46,90,49,93,66,45,67,24,72,56,84,61,87,84,87,51,53,78,84,87,95,39,18,76,97,14,52,77,71,86,59,74,80,78,91,61,72,27,63,18,43,58,66,51,24,56,90,55,77,29,40,45,59,83,82,65,21,81,62,49,54,19,80,65,87,39,74,39,74,82,49,72,36,16,60,62,29,10,84,79,86,74,60,98,64
2017-04-09,87,90,47,64,29,72,16,78,63,80,86,43,88,50,91,74,42,65,22,66,56,81,58,82,74,88,52,55,78,73,86,87,44,19,74,94,16,50,78,72,81,60,73,80,76,93,68,68,27,58,19,46,60,75,52,21,56,89,60,80,28,37,46,59,85,79,61,28,77,61,48,55,19,85,62,88,40,75,47,72,87,49,73,33,16,64,62,32,8,79,77,88,71,59,87,66
2017-04-16,91,94,49,67,31,71,18,83,58,79,86,44,89,48,96,77,48,67,23,69,56,83,59,87,79,85,49,51,55,79,84,87,57,15,74,95,11,51,76,75,93,55,73,84,77,91,65,70,30,63,17,45,56,73,48,23,56,89,55,81,29,38,44,55,84,78,61,25,79,60,48,52,19,83,62,86,40,73,55,67,84,49,68,33,17,64,63,22,10,82,77,93,71,58,89,64
2017-04-23,93,100,54,76,30,72,22,91,59,88,87,45,91,49,96,63,54,67,23,71,57,89,66,99,91,85,53,52,64,87,80,87,79,18,69,99,12,54,79,68,97,64,74,96,79,93,52,75,33,66,19,45,62,55,50,25,56,84,52,80,32,40,46,57,85,84,62,19,82,60,49,54,19,83,67,87,41,73,46,80,84,51,68,36,17,62,61,24,5,79,79,89,72,58,99,65
2017-04-30,90,97,55,75,30,76,17,86,58,93,87,45,89,53,96,58,59,66,25,67,55,95,65,100,86,85,51,52,84,84,84,86,78,16,75,100,12,54,78,73,95,59,73,90,80,95,50,74,33,64,18,44,61,57,50,26,62,86,55,81,30,40,44,55,86,80,66,22,88,58,48,55,20,83,67,86,41,75,46,66,86,50,68,35,17,60,64,29,12,81,78,89,72,56,95,57
2017-05-07,90,90,57,71,30,68,17,86,57,89,89,46,87,47,91,54,49,64,26,66,56,82,63,83,83,87,52,49,70,80,82,85,57,16,76,95,13,51,80,77,89,66,75,87,79,96,50,72,34,66,18,48,54,54,51,24,57,89,56,79,28,39,47,54,86,77,65,20,82,61,50,55,20,85,67,90,37,74,52,73,94,51,72,36,16,67,61,28,10,83,81,95,73,59,84,55
2017-05-14,77,82,37,61,28,66,23,80,57,66,92,41,70,45,78,49,56,64,25,54,52,73,62,74,69,86,44,48,66,79,85,79,39,20,66,91,12,49,79,74,80,61,67,72,78,87,44,66,33,57,17,63,50,52,50,36,52,84,61,80,25,38,44,54,82,70,60,21,74,62,47,54,18,84,65,95,36,75,78,67,89,48,69,33,16,67,56,28,13,83,75,96,76,59,69,52
2017-05-21,80,80,34,57,27,65,19,68,55,59,89,45,69,40,71,45,49,64,21,54,54,71,58,68,66,85,45,48,57,72,80,82,31,15,67,87,11,46,75,71,74,53,61,66,78,92,45,65,30,54,18,64,48,55,47,26,54,83,58,80,24,37,46,51,87,69,59,24,75,65,46,54,20,86,65,94,36,75,42,75,86,49,69,33,16,66,61,17,8,85,78,90,78,60,72,47
2017-05-28,73,75,31,49,29,67,15,61,49,49,86,45,70,34,66,41,41,52,21,49,58,65,53,65,49,87,44,50,50,70,89,78,28,14,63,88,10,42,77,82,68,57,52,61,80,93,45,61,32,44,19,52,45,52,51,27,53,85,49,88,21,37,48,54,88,69,56,28,69,71,46,52,19,93,62,94,32,77,43,68,89,44,69,31,16,65,52,17,8,89,79,96,80,66,71,50
2017-06-04,73,77,27,51,29,67,19,59,57,50,91,43,74,37,74,47,63,54,23,54,59,61,59,69,50,89,47,49,50,70,89,79,28,15,70,90,11,44,74,74,79,45,60,59,81,93,50,64,31,46,18,46,41,50,52,23,52,88,57,86,21,39,47,54,86,65,56,23,76,66,47,55,18,89,65,95,35,79,40,77,87,50,69,34,16,68,51,17,3,84,79,89,77,62,70,49
2017-06-11,76,74,28,49,29,66,18,55,55,42,81,43,72,38,71,47,62,52,22,48,56,67,57,69,46,86,56,50,51,70,88,82,27,14,69,85,11,42,72,74,70,45,56,59,78,96,54,60,30,46,18,48,36,49,49,28,50,84,55,87,20,37,48,55,88,62,56,23,73,66,46,55,20,96,62,96,32,78,43,70,91,46,68,32,17,77,46,18,3,84,77,83,74,67,67,46
2017-06-18,83,71,26,43,30,65,18,52,57,40,85,50,72,37,73,45,53,50,20,50,56,69,58,67,41,92,45,49,67,64,87,80,32,14,75,92,11,42,71,78,55,49,58,58,83,100,51,63,29,38,19,46,33,49,51,26,51,85,52,87,19,36,47,54,84,64,56,24,80,69,48,53,20,93,67,99,35,81,64,67,93,48,67,32,16,65,45,12,0,85,83,86,77,68,72,48
2017-06-25,79,70,26,43,31,72,19,52,55,37,85,42,69,38,69,44,58,49,18,50,59,69,59,67,38,91,50,51,54,64,91,81,34,16,72,92,13,41,74,79,51,52,57,56,80,98,47,58,38,38,18,47,33,49,55,44,60,89,51,92,19,36,48,58,91,61,60,27,83,73,48,55,21,99,67,100,34,90,42,73,93,50,69,32,16,70,44,18,11,88,84,85,76,65,63,51
2017-07-02,71,67,22,42,31,74,16,48,49,38,83,44,64,33,66,39,52,46,16,48,62,63,56,62,35,90,41,48,72,65,94,75,30,15,66,83,12,37,72,88,43,54,47,58,79,95,45,59,31,35,17,44,38,46,59,41,73,84,50,93,17,34,52,58,95,71,57,32,74,71,50,57,19,100,62,100,34,78,52,78,100,42,73,34,17,72,48,16,0,93,87,90,78,72,70,46
2017-07-09,83,73,24,38,32,71,18,52,53,41,81,45,73,35,76,47,47,51,18,52,58,68,60,70,39,90,50,50,61,68,93,82,42,13,75,93,10,41,73,78,51,57,54,55,80,94,48,61,31,38,16,44,40,49,54,41,48,90,51,88,19,35,49,57,89,66,57,24,81,69,48,64,20,97,67,100,35,78,40,75,95,49,73,33,19,67,42,22,8,91,83,84,74,64,68,47
2017-07-16,80,73,24,40,30,68,18,51,55,39,85,45,76,41,71,47,56,49,18,50,60,65,60,72,41,86,48,49,60,65,93,78,61,13,75,90,9,42,71,79,50,56,54,54,80,97,50,59,34,37,17,44,44,50,55,28,47,88,58,87,19,35,48,54,93,61,55,24,84,67,50,66,19,99,71,97,36,78,41,73,97,51,71,33,20,72,43,20,8,86,86,84,77,67,74,53
2017-07-23,83,73,24,44,30,71,18,49,55,37,85,44,73,37,75,45,61,52,20,50,60,69,63,67,43,89,52,50,51,62,90,81,92,15,74,92,12,41,69,80,48,64,53,55,79,98,48,61,37,37,17,44,42,49,51,37,47,92,52,90,18,37,49,55,93,61,53,23,86,66,49,64,19,93,69,100,35,77,41,72,100,51,72,33,21,69,42,15,3,85,85,81,73,69,69,50
2017-07-30,85,75,25,43,30,78,24,50,57,39,86,46,72,42,71,46,63,55,19,48,67,78,64,73,38,90,47,48,60,66,98,76,76,18,72,96,12,43,73,82,47,57,54,55,81,96,44,60,32,36,16,53,37,47,51,29,50,97,54,87,18,36,49,56,88,60,53,23,83,66,49,54,18,89,66,97,40,75,40,67,97,51,74,34,22,67,41,20,3,84,85,84,72,67,72,50
2017-08-06,79,75,22,50,28,70,22,52,56,42,79,50,72,39,71,42,60,51,19,46,60,70,62,69,42,86,49,49,70,64,91,75,55,18,74,91,11,44,70,78,53,55,59,55,79,98,46,62,31,36,19,58,43,47,52,26,50,100,57,85,19,38,51,56,91,65,61,22,80,65,49,55,19,85,65,93,36,75,42,68,96,49,74,33,24,67,43,21,5,86,85,81,71,63,69,50
2017-08-13,75,71,21,42,27,69,22,52,51,50,79,49,65,38,67,42,53,54,26,45,60,65,59,65,48,83,46,47,64,62,88,71,36,17,73,90,10,44,71,79,53,54,59,50,76,96,41,66,29,36,17,55,44,45,48,28,52,94,62,79,20,38,55,52,87,60,53,21,77,65,47,53,18,81,63,94,34,67,41,83,91,48,71,30,28,63,47,15,10,82,82,78,66,59,62,42
2017-08-20,74,72,29,40,26,66,19,59,48,66,75,46,63,29,68,42,47,51,23,43,58,54,56,63,51,80,44,44,54,62,82,70,34,15,68,85,9,44,68,79,62,48,65,52,77,90,41,62,26,38,17,100,36,45,45,22,48,93,61,72,21,36,52,50,83,62,49,20,77,61,47,50,17,76,62,86,35,70,39,75,86,47,69,31,37,69,46,16,2,78,77,70,63,54,61,43
2017-08-27,76,80,39,49,30,73,17,69,51,78,72,50,73,37,73,43,49,62,22,52,56,65,58,69,65,81,47,44,41,67,85,72,42,13,72,84,10,48,69,74,75,60,78,60,84,89,44,70,26,47,17,61,34,47,47,22,51,90,60,77,26,40,47,52,88,73,53,23,78,61,46,52,17,85,63,88,34,69,39,75,80,50,68,33,67,61,55,29,0,83,76,71,65,52,68,47
2017-09-03,73,78,43,45,27,66,15,71,47,77,76,41,68,38,73,41,43,60,21,52,57,65,53,64,65,80,44,44,55,67,85,70,32,14,68,74,10,47,67,76,76,62,73,57,74,84,45,68,24,52,19,43,35,48,49,26,47,81,61,75,26,37,46,48,84,73,57,25,71,60,46,51,18,83,61,84,38,69,38,72,80,43,67,32,87,62,55,33,15,84,76,73,62,66,77,47
2017-09-10,82,85,48,49,27,67,18,78,54,87,77,42,76,44,84,49,51,74,21,60,54,73,62,73,77,78,45,46,58,99,100,75,35,14,77,80,12,50,69,69,88,55,81,66,79,84,59,73,24,59,17,44,34,51,47,24,51,88,60,76,31,37,44,49,86,83,56,22,77,61,45,50,18,82,62,84,38,66,39,73,78,48,65,34,15,60,59,38,12,79,76,71,63,63,78,50
2017-09-17,87,88,63,54,29,69,18,84,56,88,81,51,80,49,90,52,49,83,22,63,57,75,61,73,83,83,51,49,58,78,90,76,39,16,74,83,12,51,72,73,94,56,80,70,78,88,60,77,24,62,20,45,43,51,49,24,53,88,69,77,33,38,45,56,85,88,57,23,85,61,49,54,19,78,69,86,39,66,41,75,81,50,69,34,16,61,67,31,5,82,79,72,68,59,84,51
2017-09-24,86,93,75,59,28,70,17,91,55,90,82,46,89,45,87,52,58,85,27,66,57,77,60,77,88,80,54,48,67,84,90,79,37,15,75,78,11,51,73,72,92,58,78,75,79,88,54,75,27,62,17,43,51,52,49,22,56,88,64,80,33,37,43,51,87,88,59,22,84,60,53,54,19,78,71,84,40,68,41,66,83,51,65,34,16,66,69,28,10,79,77,69,68,53,80,60
2017-10-01,84,92,79,62,28,75,18,85,93,84,78,49,81,44,87,53,48,83,24,59,55,81,60,72,85,77,45,46,68,82,88,75,35,17,74,77,13,49,72,72,86,67,71,72,76,82,52,71,27,61,18,45,42,51,50,21,57,86,67,78,32,37,41,51,89,89,59,27,82,59,46,53,18,75,77,84,41,66,41,78,81,49,65,32,15,63,67,33,5,79,80,69,67,52,87,53
2017-10-08,90,93,77,55,28,70,17,78,69,86,81,51,85,45,90,52,52,77,23,72,54,79,60,77,83,79,45,50,67,87,89,80,42,18,74,80,12,49,68,76,85,65,71,80,78,85,51,71,31,61,21,43,47,52,48,21,55,88,66,83,32,38,44,51,87,81,56,32,83,63,46,52,18,72,75,86,40,66,51,75,85,48,68,32,15,63,62,28,2,79,81,71,70,57,88,54
2017-10-15,89,92,83,59,28,69,21,82,61,86,84,53,84,48,94,57,50,89,23,89,55,83,63,82,84,86,45,49,70,91,87,78,56,19,74,82,12,49,74,74,88,66,74,79,77,86,54,75,27,62,19,47,46,52,49,24,55,85,62,82,33,38,44,51,88,84,55,26,85,60,47,55,19,73,74,84,39,66,54,78,84,49,72,35,15,65,66,29,5,80,82,72,70,55,94,57
2017-10-22,94,94,75,68,29,66,22,82,63,84,83,52,88,43,91,52,61,87,24,75,55,87,65,81,85,81,45,49,81,93,85,78,84,19,75,82,12,50,72,73,90,72,69,79,80,92,56,76,25,64,32,48,46,53,47,21,54,88,57,84,34,37,44,52,89,85,56,27,83,60,47,56,19,74,71,85,38,67,47,85,80,49,71,33,14,59,67,29,7,79,83,68,71,56,91,59
2017-10-29,90,92,69,66,30,71,19,79,63,84,80,54,84,49,92,52,57,90,26,79,56,89,65,84,85,79,51,51,82,94,86,72,88,18,77,78,13,49,72,68,86,61,69,81,77,84,52,72,24,67,43,49,45,52,47,22,51,82,67,85,31,38,44,53,84,89,53,32,85,59,45,51,18,71,65,79,39,64,51,69,80,49,76,32,14,59,65,26,5,79,84,63,68,58,90,63
2017-11-05,92,93,56,63,29,66,18,82,68,86,73,56,88,44,94,52,60,86,29,76,56,85,64,85,89,88,46,52,65,87,89,79,62,20,71,78,15,51,75,73,84,65,67,78,78,90,54,74,23,69,19,47,48,52,46,29,52,89,67,76,32,38,53,45,89,88,55,47,86,61,49,54,19,74,65,81,39,66,45,70,83,48,72,34,15,57,64,26,12,83,89,67,71,56,100,64
2017-11-12,89,96,65,64,30,66,18,86,67,85,72,55,86,44,97,52,55,87,27,76,59,94,62,81,86,87,52,48,69,89,89,75,44,19,82,79,14,51,74,75,90,66,70,85,80,88,54,75,23,72,19,45,47,52,47,22,55,86,66,75,31,39,55,49,89,94,52,47,87,63,50,56,20,75,66,82,38,65,43,66,82,51,73,34,14,63,69,23,7,84,88,65,70,57,97,61
2017-11-19,69,73,35,50,25,63,14,58,55,51,71,47,66,36,68,37,46,58,19,60,56,70,49,64,49,86,40,40,54,59,83,64,31,18,60,63,14,36,72,95,53,51,50,73,71,91,49,62,32,57,17,40,40,52,45,25,52,76,57,70,22,30,99,47,91,62,41,62,63,70,47,64,16,66,58,83,28,63,70,62,82,39,87,29,12,61,62,21,8,100,100,64,64,70,74,52
2017-11-26,96,92,53,100,31,70,26,85,78,85,76,78,89,45,92,51,72,84,25,69,60,90,90,86,86,85,51,49,68,90,91,73,36,24,82,79,16,49,83,69,81,68,75,92,84,92,56,75,24,80,20,43,62,57,48,23,52,93,69,76,31,37,66,50,81,92,48,55,83,74,50,61,18,78,65,78,41,65,40,66,74,51,97,35,14,59,76,29,5,91,89,63,69,53,92,78
2017-12-03,100,95,59,75,32,70,24,89,83,89,72,95,92,48,94,52,70,87,27,75,62,95,94,88,100,81,51,49,97,89,89,72,36,23,100,77,13,50,82,71,88,75,72,86,81,92,58,73,27,91,19,43,52,57,50,24,51,90,72,76,32,37,57,52,86,91,54,61,82,68,48,60,18,74,64,78,40,70,41,76,78,51,84,34,15,56,74,28,2,83,86,64,66,53,86,77
2017-12-10,95,90,69,69,32,71,22,87,80,91,72,100,85,51,89,48,60,84,29,69,63,99,90,86,97,84,60,47,80,84,90,70,35,21,98,75,14,48,81,71,83,71,72,87,83,94,65,75,25,96,17,47,47,62,48,24,52,92,71,73,30,36,63,49,85,94,46,61,84,66,49,58,18,76,62,80,37,65,43,72,78,48,89,32,14,63,78,29,5,84,83,66,69,58,80,85
2017-12-17,85,75,35,50,33,70,27,64,83,65,71,91,68,30,65,41,59,67,20,53,79,95,86,75,60,86,54,44,80,65,92,65,31,23,98,65,17,39,79,81,55,71,55,67,86,98,55,67,27,89,17,43,39,60,47,32,45,97,66,75,20,31,74,51,86,73,43,74,71,100,50,61,16,71,61,83,35,65,48,67,84,47,89,32,13,68,63,19,0,85,92,70,69,66,66,97
2017-12-24,66,61,15,39,34,69,18,43,80,31,61,77,56,23,52,33,44,41,15,47,63,74,66,61,26,96,39,41,48,51,85,71,24,18,74,62,13,31,73,88,29,55,38,55,100,98,69,56,25,54,20,41,34,65,45,24,42,78,58,86,14,25,67,56,100,48,42,69,61,71,48,62,17,80,57,87,30,69,52,60,96,40,100,30,11,71,52,13,0,94,95,78,66,85,56,74
2017-12-31,82,78,19,46,41,70,22,55,98,49,65,89,66,28,63,39,59,49,18,55,62,83,80,79,43,100,46,46,64,67,92,89,32,22,90,79,14,39,77,90,46,71,50,64,99,93,69,64,25,38,20,52,36,64,44,27,46,88,63,83,18,33,55,52,92,59,52,34,76,61,47,56,18,89,62,89,34,75,78,74,85,44,88,32,13,68,47,16,8,90,93,70,67,69,69,81
2018-01-07,94,90,37,52,44,68,27,74,94,81,74,87,80,33,75,47,66,70,21,58,58,91,89,85,70,94,49,51,58,80,88,90,42,24,81,87,17,49,74,76,73,72,72,73,93,91,71,69,23,48,19,47,39,63,47,22,53,96,65,77,29,43,49,51,84,73,55,23,82,58,50,52,18,89,63,82,37,79,38,72,81,49,77,35,15,62,58,20,2,83,86,67,68,60,81,73
2018-01-14,86,85,41,53,39,65,30,76,82,79,65,73,79,31,75,51,63,69,22,58,55,86,84,79,67,89,52,51,70,74,87,87,50,28,83,83,17,49,74,77,74,59,75,68,87,90,75,70,24,49,19,45,41,62,50,24,57,92,68,80,100,100,47,58,87,74,54,25,84,60,50,56,18,82,63,85,37,78,39,71,86,46,73,35,15,63,58,32,7,81,90,68,67,61,73,68
2018-01-21,89,95,53,56,51,62,27,87,85,98,65,74,85,43,82,55,70,73,25,63,54,87,82,77,72,90,55,54,57,82,80,92,75,24,71,83,14,51,72,80,89,65,85,79,84,90,90,74,21,56,19,46,44,74,52,23,54,93,73,82,41,48,44,56,83,84,61,17,88,57,48,54,18,86,65,85,40,77,37,59,80,47,78,34,15,51,60,31,5,83,88,64,66,60,97,70
