"Week","investment","growth","derivatives","crisis","unemployment","banking","dow","economy","stocks","economics","hedge","invest","profit","leverage","risk","revenue","nasdaq","metals","politics","consumption","cash","dividend","finance","portfolio","conflict","oil","fed","gain","short","energy","credit","loss","earnings","stock","transaction","housing","nyse","success","bubble","trader","environment","greed","opportunity","inflation","money","sell","returns","society","chance","present","world","rich","war","return","markets","crash","freedom","office","headlines","house","culture","arts","buy","ore","food","bonds","tourism","holiday","health","train","fine","gold","marriage","water","cancer","car","debt","travel","happy","forex","restaurant","default","ring","lifestyle","labor","fond","religion","financial","rare","home","kitchen","garden","fun","movie","consume","gains","logret"
2013-02-03,-4,0,5,0,-9,1,-2,-2,-4,-4,0,2,-2,-3,-1,12,-1,3,-2,3,-1,-10,0,-4,1,-3,-4,-4,-17,0,-3,0,-8,1,0,-4,0,1,-2,-2,1,9,-6,1,-4,-2,-9,1,0,2,0,-3,3,3,-4,-12,1,-2,0,-2,2,-2,-1,2,-1,0,4,1,-3,-2,2,-1,1,-2,-1,0,-1,2,0,0,-3,0,4,0,-1,-4,0,-4,-7,-2,2,0,6,-2,-15,-2,-0.000801434852323979
2013-02-10,-1,-2,3,-4,-4,3,-1,-6,1,-5,1,-2,-4,6,-5,-2,-4,-1,2,2,-2,5,-2,1,-1,0,-1,2,26,-1,-1,-3,-5,-1,0,-4,1,-3,1,0,-4,1,-4,1,-2,-1,-16,2,0,4,-1,0,-3,-8,3,-2,-3,-2,0,1,-2,0,2,-8,-2,-4,-2,4,-4,1,0,0,1,3,1,1,0,-4,16,2,15,-1,-1,-1,0,5,2,2,4,-1,3,9,16,3,14,0,0.00134445914835091
2013-02-17,2,1,-4,10,0,-1,0,4,-3,-1,8,2,2,-3,6,-2,-3,0,-1,-1,0,-8,-2,-3,-6,5,-1,0,-36,-3,0,6,-5,1,-4,5,-2,2,-3,2,0,11,-7,2,1,2,-4,-1,-1,-9,1,2,1,0,-1,7,0,-1,-1,4,0,2,0,7,2,-3,2,1,3,1,-2,3,0,3,2,2,0,4,-16,1,-9,1,-2,3,0,-1,2,-5,6,1,-2,-3,-15,0,0,6,0.00634314067391983
2013-02-24,1,4,16,5,-1,6,2,4,2,-1,-3,0,4,5,1,-2,7,1,2,5,2,6,8,4,11,-3,3,1,31,6,1,-1,0,0,1,2,-1,2,6,-3,9,-2,-4,2,2,-2,-1,2,-2,8,0,-1,6,-5,2,16,0,0,1,-3,2,0,-1,2,0,4,4,-6,3,-1,-2,-3,-1,-2,1,2,3,1,0,-4,-2,-2,-3,0,0,-4,-2,0,-7,-1,-3,-1,-2,-1,-2,-5,0.0215835292946647
2013-03-03,0,-1,-18,-8,0,-2,4,-2,4,2,-3,1,-3,2,-2,-6,2,-4,-1,1,-4,4,-3,4,0,1,-3,-1,-19,-3,0,1,-5,2,3,0,0,-4,7,2,-1,-6,-3,-1,-1,-1,-5,-3,1,-4,1,2,0,-4,-1,-22,1,-2,1,0,-1,1,-1,3,2,-3,8,2,-4,2,2,1,0,1,4,-2,-4,4,0,9,-1,2,0,-3,1,3,-2,-1,-12,0,-2,5,1,-1,-11,6,0.00809656857185104
2013-03-10,-3,-4,-2,-5,-3,0,-3,-4,-3,-8,3,-2,1,-6,-5,1,-3,-2,-2,-10,1,0,0,-4,-4,-1,-2,2,3,-3,-2,-4,-1,-3,-1,-1,0,0,4,2,-7,9,-3,-12,-1,1,0,2,-1,-3,1,0,5,0,3,4,-2,-1,-3,-1,-2,-2,0,-6,-2,-4,-3,1,1,-1,-2,-1,1,0,-4,3,-2,-4,0,-5,3,-3,3,0,-1,4,7,-7,3,0,5,2,1,-2,3,-4,-0.000143324531528322
2013-03-17,2,2,9,10,1,-7,-1,-1,-5,6,2,0,-1,-2,2,-3,-6,1,0,5,2,-4,0,-2,2,3,0,3,-10,0,0,3,-2,0,-1,2,0,4,-3,1,4,-5,1,9,1,2,-2,-4,2,1,-1,0,2,-2,-2,-2,2,-1,2,2,0,0,1,-2,2,1,0,0,0,-1,2,-1,2,-1,0,-2,-1,0,1,-2,0,0,-2,1,1,-3,-7,6,3,0,-2,1,-3,1,6,0,0.00457260763009693
2013-03-24,-2,-4,-17,1,0,4,-1,-5,-2,-8,-3,-1,-1,7,2,-5,3,-2,0,-3,0,1,-5,1,-9,0,1,-2,21,-5,-2,-3,-1,2,-5,2,4,-8,-5,1,-12,-14,-5,-1,1,1,1,-3,-1,-7,1,2,-4,1,4,-3,0,2,-2,-1,-2,-1,0,15,0,-6,-5,3,1,1,0,-3,56,0,-3,2,1,-2,4,-8,1,0,-3,-2,-2,2,6,-2,4,2,-1,1,5,5,-7,-2,-0.000912032368024285
2013-03-31,2,0,2,-3,1,-1,0,3,-1,7,2,0,1,-9,-1,4,0,5,1,3,0,-5,0,1,5,0,-2,5,-8,6,4,3,2,-3,3,4,-4,43,-3,2,5,6,8,2,-4,-2,-2,2,0,2,-2,2,-1,-1,-4,0,-3,0,2,1,0,2,0,0,-3,4,5,-1,0,-2,9,0,-50,0,4,-2,-1,-1,2,7,-5,0,2,2,1,-2,-2,6,6,1,-2,2,-4,0,10,4,0.0203749091425838
2013-04-07,3,9,0,6,0,-2,1,11,3,6,4,0,8,5,6,22,2,3,1,-2,1,3,3,0,8,-2,7,6,-6,3,0,4,10,1,1,3,-1,-35,0,-1,14,0,5,0,2,3,8,6,-1,7,0,1,3,9,1,2,5,1,1,0,4,2,-3,-6,2,5,-3,-4,2,2,-4,4,-3,5,2,0,2,2,-6,7,1,0,0,0,2,2,-3,-2,-16,5,1,3,0,-4,13,8,-0.0215936349754067
2013-04-14,-6,-2,3,5,-2,1,2,-4,-2,-3,7,1,-5,-6,-4,-2,-4,7,0,7,-1,-3,1,1,0,1,-4,1,-4,-4,-4,-7,12,1,-3,-7,0,-4,1,-6,-4,0,-5,4,1,-4,1,-3,-1,-1,0,-1,-4,-1,-1,-2,-1,1,3,-2,-2,-1,0,-5,-2,-3,-2,0,-4,-2,-1,13,-3,-1,-7,-4,0,-2,-1,-9,-2,-3,-2,3,-1,-3,4,3,15,-6,0,1,-1,0,-8,-13,0.0112810289307603
2013-04-21,4,2,4,0,2,-1,-2,2,1,4,2,-3,1,6,6,-30,7,-8,0,3,3,4,0,3,5,1,-2,33,13,1,0,4,11,-1,3,6,0,3,1,3,11,-3,-5,2,-2,3,-11,2,2,4,0,0,-1,-19,5,0,2,-4,-2,4,3,2,0,9,4,6,11,0,4,1,-1,-12,2,3,3,4,-2,1,2,-2,3,2,8,-1,1,2,3,0,5,2,0,3,0,-2,-2,-2,0.0176118321061711
2013-04-28,0,-1,2,0,-1,6,0,5,1,3,6,2,-3,4,-7,-4,-2,1,1,-5,0,3,0,8,-1,-2,-1,2,-12,6,3,-1,-15,0,-1,0,2,-2,0,1,-4,6,4,3,4,3,-4,-2,4,1,0,-1,2,0,0,33,3,3,-2,0,1,-2,1,1,1,2,-3,1,-3,-1,0,-3,-1,2,1,2,2,2,1,1,1,2,-5,-1,1,1,-2,6,-7,1,-1,1,2,1,1,0,0.00960582361365248
2013-05-05,-2,-4,1,-4,-2,-4,1,-8,0,-3,-5,0,-5,-9,-4,-7,1,-3,-1,-5,-1,-6,-1,-10,-6,0,-1,-30,-6,-6,-1,-3,-6,0,-1,-5,0,-5,-3,-2,-8,0,-6,-6,-1,-2,-3,0,-1,-3,-1,1,-2,1,-1,-25,-2,3,3,-3,-3,-1,0,-12,-4,-10,-5,-1,1,1,1,0,1,-3,0,-2,-4,-4,5,2,4,-2,3,-3,-1,5,-4,-12,-7,1,0,0,-2,2,-11,-7,0.0154835898574017
2013-05-12,-5,-4,-12,-4,-2,-3,-1,-1,0,-9,1,-1,0,-1,-1,1,-1,-3,1,-9,-1,1,1,4,-3,-1,0,-4,9,-3,-1,3,-9,0,2,-4,-2,1,2,0,0,-3,1,-9,0,3,4,-6,0,-3,2,0,-1,-3,-5,-4,-4,4,-5,1,-1,1,0,0,3,0,1,2,-4,1,1,0,0,1,3,5,-1,4,9,-2,-1,0,-3,1,1,-6,-7,-1,-3,2,6,1,2,-1,1,1,-0.00334670667096937
2013-05-19,-5,-3,-7,-8,1,-3,0,-4,-2,-14,-2,1,-5,0,-8,-6,-1,0,-2,2,2,-14,0,-12,-6,-1,2,-7,3,-4,0,-3,-3,0,-6,-1,2,-6,1,0,-7,-3,-5,-6,-2,-3,-5,-1,0,-3,-1,-1,-1,-3,4,-3,-1,-6,5,0,-3,-3,0,1,-2,-1,4,2,1,4,-1,-1,-4,3,-6,-1,-2,3,-14,-1,-3,-3,-2,-2,0,2,-1,-5,4,3,-5,-6,4,4,-3,1,-0.0123300375928359
2013-05-26,2,-3,-6,-1,2,6,0,-6,-3,-4,-1,-5,-7,-4,-3,-3,-7,-11,-2,-7,4,-3,-6,-6,-9,3,0,-3,8,-1,4,1,-4,-2,-1,1,-4,0,16,5,-8,6,-4,-5,2,2,-1,-2,-1,-4,1,1,2,0,1,6,0,-6,0,0,-3,1,3,8,1,-4,-2,1,-3,7,1,-1,3,1,2,2,0,-3,-1,10,1,2,2,3,-1,3,-5,0,-4,3,1,7,2,8,-14,-3,0.00873086532779332
2013-06-02,1,0,-3,-6,-1,0,1,-6,-2,-4,4,0,3,0,8,3,6,2,0,3,-5,4,2,8,-3,-1,1,-3,-10,-3,0,2,-3,0,3,1,2,-2,-13,-4,9,-3,2,1,-2,1,7,-2,-1,1,0,-1,-6,-1,4,-4,1,2,-8,-1,-1,5,-3,-1,0,3,-6,-3,1,-8,-2,-1,-3,1,13,-2,-2,1,-1,-9,-3,2,-2,-2,-1,-5,-5,5,0,-6,-2,-10,-8,-8,6,2,-0.0117382883144774
2013-06-09,-4,1,5,-1,0,-1,-1,-6,-1,-5,-3,-1,2,1,-2,-1,-1,2,0,2,0,-1,2,-5,-4,0,-1,0,-11,0,0,-3,1,-1,1,0,-2,-2,2,-1,-2,-8,-1,-4,0,2,13,-3,0,-4,1,3,-4,-1,-3,2,-2,2,0,1,-1,-2,3,-1,0,-6,4,1,-1,2,-2,2,-1,4,-15,5,1,3,1,6,5,1,8,-1,2,0,-6,-6,17,2,1,-1,0,4,5,-1,-0.0181312702963261
2013-06-16,1,-4,-7,-5,-1,2,3,-7,2,-3,-5,0,-3,-2,-3,2,0,-2,-2,-9,1,-4,2,-4,-6,3,6,0,-1,-1,-1,-1,3,3,-1,-1,4,-3,2,2,-19,-3,-4,4,0,2,0,2,0,-4,3,-1,12,1,2,1,-1,3,0,0,-1,-4,1,-4,-1,3,-5,1,2,1,0,1,1,0,2,0,-1,-3,6,-2,0,1,11,1,0,-4,0,3,-17,-2,0,1,-1,2,-6,-3,0.00741860873187505
2013-06-23,-3,1,2,-1,2,-1,1,4,-4,-2,3,1,0,7,-1,-5,-2,2,1,5,0,1,-2,1,-1,-2,-5,-1,-11,2,4,2,-1,-1,4,-1,-1,-1,-2,-1,-3,3,0,0,4,0,-13,-1,0,-2,-2,1,-3,1,2,5,6,-3,6,3,-1,-2,0,8,0,-1,1,2,2,-1,-2,3,39,1,-3,-1,1,0,-8,4,-2,2,-5,-1,0,7,1,8,7,2,1,-3,0,2,5,-1,0.0150601565628605
2013-06-30,-9,-8,-4,-1,2,1,-5,-8,-4,-7,-8,-3,-9,-3,-10,-6,-7,-9,-2,-7,1,-7,-7,-10,0,0,-4,-1,12,-12,-1,-4,-2,-1,-13,-8,3,-4,2,4,-6,8,-9,-11,-4,-4,0,-6,0,-3,-1,-2,-5,-3,1,32,20,-5,-6,3,-1,-2,2,-3,3,-6,4,4,-12,2,0,-1,-33,4,-4,-1,-3,-1,5,5,3,-7,-9,0,0,-3,0,-10,1,1,0,0,0,7,-8,-3,0.021468697882236
2013-07-07,17,11,8,4,2,-3,1,7,7,8,13,4,12,8,10,9,13,6,1,4,0,8,8,15,5,3,7,4,16,10,-1,8,9,-1,10,14,-4,5,-3,-1,3,-3,10,7,1,3,1,5,1,3,0,1,-9,1,-4,35,-28,11,1,-1,1,4,-2,-10,-3,5,-4,-6,14,10,0,4,-4,-4,8,1,4,2,-6,-1,2,7,1,1,3,1,0,11,-4,-1,2,-2,-2,-7,2,7,0.00512387127356639
2013-07-14,-4,-5,-3,-7,-2,2,1,-4,0,-4,-5,-1,-4,-4,4,1,-2,0,1,3,-1,-2,0,-4,3,-1,-5,-3,-9,0,-1,-5,17,0,2,-3,-1,-2,-1,1,3,-2,-4,3,6,-1,1,-2,0,0,-1,3,-3,1,-5,-61,-1,-5,3,-2,1,-1,-2,1,-2,3,-1,1,0,-6,0,-1,-1,2,9,0,0,0,1,-5,3,-1,-4,1,3,4,-1,-13,-11,3,0,0,1,2,12,-2,0.000970327856032682
2013-07-21,1,1,-5,3,-2,-5,-2,5,2,3,2,3,5,6,-1,-1,-1,-2,-1,-3,0,5,-1,7,-2,-1,1,-2,1,-3,2,3,12,-1,0,4,0,1,-2,-2,1,6,1,-6,-2,4,24,1,1,2,-1,6,0,-1,4,3,-3,4,5,3,0,0,2,0,1,-1,0,0,-2,17,0,5,1,-7,-10,2,1,-1,-1,-2,-2,-2,2,6,2,-5,1,4,24,-10,3,-2,-3,1,-6,5,0.00637665400920362
2013-07-28,1,0,2,2,0,3,1,-3,-3,-2,-6,-2,3,-12,-3,-1,4,3,0,3,0,-1,0,-6,1,0,2,0,-10,1,-1,-1,-14,1,-2,0,2,2,1,3,-6,1,5,2,1,0,-13,1,-1,-2,0,-2,-1,2,-1,-8,4,2,-6,-3,-1,1,1,4,0,-2,-3,-1,2,-12,1,-6,0,-1,-1,-3,-1,1,0,3,4,1,0,-7,0,-5,2,-4,-7,5,-1,1,-1,-5,-5,-2,-0.0149823648592271
2013-08-04,0,1,-1,1,-2,-1,-1,-4,1,1,0,1,4,-4,-4,-5,-5,-2,0,-5,0,0,-1,-1,3,-3,-1,1,34,-3,1,-2,-3,-1,-1,0,-2,0,-2,-4,2,4,1,0,-5,0,-11,-2,0,-2,1,-5,-1,-1,0,-3,-4,0,1,-1,-1,0,-1,-2,1,-2,3,1,-1,-7,0,-5,-2,-1,-3,0,0,0,2,-1,-3,-1,0,-1,3,5,-2,6,-3,-5,-3,-2,0,1,-1,-2,-0.0225557974509254
2013-08-11,-2,-1,-5,-1,0,-1,1,3,0,4,-4,2,-6,0,4,2,2,-5,1,1,1,-5,1,1,0,2,0,12,-45,-1,1,-4,-14,1,-3,2,-1,4,1,1,2,-18,-2,-1,3,0,-4,-1,-2,2,-1,0,0,0,-3,12,2,3,-3,0,2,1,0,0,1,-3,-7,-1,-1,-1,-1,0,-1,-2,1,0,-2,-6,-2,-3,-3,0,-2,1,5,0,1,-7,3,0,0,0,-5,-3,1,2,-0.00471621300583891
2013-08-18,-2,0,13,1,0,2,1,6,-2,14,4,-5,1,2,-3,-2,59,4,0,2,0,-3,-2,1,6,-2,2,-6,25,3,-4,2,-1,1,2,0,2,3,-2,2,9,15,5,-2,-2,-3,0,5,1,2,1,-1,2,-1,-2,-15,2,3,0,-2,2,1,0,0,-5,3,-2,-2,5,-2,1,1,0,-3,-1,-3,2,0,-1,2,1,1,-2,-2,9,2,7,5,10,1,0,-2,0,-2,3,1,-0.0134270759978641
2013-08-25,0,4,4,4,-2,-1,-1,9,-1,22,-7,0,2,-1,1,1,-60,7,2,1,-1,-2,-1,2,22,0,-2,15,-11,2,0,-4,-3,-1,2,-9,0,3,-1,-7,5,-7,6,8,-2,-4,-5,0,1,7,-2,-4,11,0,4,-5,0,-1,1,-2,3,1,-3,-5,0,5,-3,1,-4,-2,-1,-2,0,-1,0,-3,1,-6,0,2,-5,-1,-1,3,26,1,4,8,-14,-1,-4,-2,-3,-4,-8,-3,0.00754661023102088
2013-09-01,-2,0,12,2,3,2,-2,3,-1,2,1,1,1,2,1,1,-5,-6,2,2,1,5,-5,-7,13,0,-5,1,-4,0,-2,5,2,-1,3,-10,-1,4,-1,3,9,5,-2,-5,1,3,3,4,2,3,1,-1,9,2,-1,1,-2,-8,3,1,3,1,3,1,1,10,-8,2,0,-4,-1,2,0,-1,-1,2,-3,2,1,-6,0,-3,5,1,15,-1,5,3,-9,-2,5,1,3,4,7,0,0.0299415853793263
2013-09-08,9,6,13,9,0,-2,3,12,6,4,2,2,2,7,8,5,8,14,1,10,-1,9,7,8,1,-1,2,-13,10,9,-1,-1,3,2,-3,6,1,8,-2,-4,10,7,12,13,0,-2,3,4,0,8,1,0,-8,1,0,-1,8,2,4,-4,4,-2,-3,-2,-1,10,7,-4,5,-1,2,2,1,2,7,-4,5,-1,-1,0,-6,2,0,-3,-67,-4,6,2,-4,-1,-6,-5,-1,-9,6,2,0.00486781448065265
2013-09-15,-3,4,2,-6,-4,-5,0,3,12,-6,0,7,4,0,4,3,1,9,-1,-1,-1,6,1,-1,-10,-1,14,-6,10,1,-3,-1,4,5,4,-3,0,-3,0,0,7,-6,0,4,5,-1,-1,-1,2,2,-1,1,-1,2,-2,-1,-2,-4,-4,3,1,-1,1,-3,2,-1,-2,1,2,2,-3,-1,-1,-3,0,0,3,-3,1,-4,1,1,0,0,-2,1,2,-6,10,1,0,0,3,0,5,6,-0.0125598405869383
2013-09-22,9,3,20,-1,1,2,-1,-1,10,7,2,7,0,5,3,-1,-4,0,2,4,3,-9,0,4,-2,2,-9,1,22,2,4,0,-2,5,0,4,0,1,2,0,-3,0,0,2,2,1,-1,5,11,0,0,2,-2,1,2,3,-1,-2,4,2,2,0,0,3,0,7,4,1,6,1,3,1,1,1,3,3,5,3,0,3,1,5,0,2,0,1,2,2,-3,1,1,2,4,2,7,-2,-0.0122424961118615
2013-09-29,0,-2,1,2,14,11,3,4,-4,-4,0,2,1,-2,1,0,4,5,2,2,-1,1,3,-3,-4,-1,-1,-4,-14,5,2,1,-3,0,-3,-6,3,-4,-5,-2,-4,9,-5,-2,0,-2,-1,-1,-3,2,-1,-2,-2,-1,-1,3,-2,5,0,4,-4,-3,-1,3,1,-7,2,0,15,0,0,-2,-1,-3,18,-4,22,-3,0,-4,-1,0,-1,-1,0,-2,-3,6,3,-1,-2,-4,0,-1,-6,-1,0.0108567186096895
2013-10-06,-2,1,-3,4,-7,-9,1,-2,-7,-2,2,-4,5,-2,1,1,0,-6,1,2,1,-3,1,3,3,0,1,-1,-7,-3,-6,1,3,-2,4,0,0,3,2,-2,1,0,-8,4,1,2,2,-2,-4,-1,0,2,0,2,2,-3,3,-5,0,-2,3,2,-1,8,1,0,0,4,-16,-1,0,0,0,-2,-3,3,17,0,0,7,-1,11,-3,1,0,1,0,-8,7,-1,1,1,-4,0,1,1,0.0106108844472388
2013-10-13,2,5,-2,3,3,5,0,-2,0,7,-7,-3,0,-2,-1,3,6,3,1,-4,0,6,5,6,-5,2,-1,1,4,5,3,-1,15,1,-5,-1,2,2,-2,5,-5,0,2,3,2,-1,1,1,-2,-3,2,2,-1,2,-1,-2,-3,2,-1,6,0,-1,1,1,1,-5,-4,5,1,4,-1,1,0,0,-2,-2,20,1,3,0,5,8,2,0,0,0,1,-1,-1,2,5,0,0,3,-1,0,0.0110191792400585
2013-10-20,0,-4,6,-5,-5,-3,-4,-3,-1,-5,3,2,-1,5,0,0,-1,5,-4,-1,0,4,-6,-5,3,1,-2,-1,-9,3,-4,-1,9,-5,2,4,-3,7,3,-1,6,-4,5,-4,-6,0,1,-1,-1,3,4,-6,2,-1,-2,2,-1,-1,-2,-2,0,1,0,-3,-1,-2,-5,-6,2,-2,2,-1,3,-1,-5,-2,-57,-1,-3,2,-3,-21,17,-3,0,2,-1,-2,-9,-2,-2,0,0,0,2,4,0.00290321365078405
2013-10-27,2,-2,-16,-1,-1,4,0,-1,0,0,3,-3,0,1,-1,-3,2,-2,0,7,-3,0,-1,3,-4,-1,4,0,-28,1,5,-4,3,-1,1,-6,0,-6,1,-5,-5,-2,-5,8,-3,0,-1,-1,-1,-1,5,1,0,1,-4,-1,-1,-3,2,-2,-3,0,2,-6,0,1,0,4,-5,-3,-2,0,-2,0,-10,-1,-8,0,8,-6,-3,-3,-13,3,0,1,-2,0,9,0,0,-3,1,2,2,-3,0.00932083936521799
2013-11-03,1,4,-4,2,0,3,1,-1,8,2,-5,-1,0,9,4,-2,-1,3,3,0,3,0,5,1,3,0,-4,1,21,-4,-1,5,-13,3,1,5,5,-2,3,3,9,13,-1,-6,3,4,-1,0,1,6,-9,2,0,1,6,-1,3,4,2,-2,3,4,2,-8,1,3,0,9,3,3,4,-1,5,2,-1,1,-1,3,-6,0,5,1,-4,-2,1,-5,2,6,3,2,5,11,0,-4,5,2,0.0126040753218408
2013-11-10,-5,-1,-4,3,0,2,-2,0,-5,-2,-3,-1,1,20,15,0,-6,-5,-3,-3,-1,1,-1,3,1,1,3,-3,26,0,-1,-3,-13,0,1,-4,-3,-1,-1,5,-5,-17,0,3,-1,0,1,0,0,1,0,-1,4,-1,-1,3,2,0,-5,-6,-2,-2,4,6,0,0,2,11,-3,4,-1,1,-4,0,1,2,1,0,1,3,1,-2,4,4,-1,1,3,-1,-6,0,2,-6,-2,2,-4,1,0.00643653157649382
2013-11-17,0,2,-4,2,-1,-2,3,2,-1,-3,-2,2,-1,8,0,2,1,3,1,5,0,-1,-4,2,5,0,2,0,-15,4,3,2,-1,-2,-2,2,0,2,0,-5,0,12,2,1,1,-3,2,2,-2,4,-1,4,-2,1,-1,1,3,-1,2,0,0,0,4,-4,2,6,-3,4,-3,1,-1,0,0,0,-3,-2,-1,-2,4,-1,-4,-1,-1,-5,0,2,-2,4,-3,-4,-2,-8,2,3,0,2,0.00134617942350879
2013-11-24,-18,-22,-21,-14,-6,-7,-4,-21,-11,-27,-8,-7,-24,-16,-26,-16,-5,-29,-6,-17,-1,-16,-14,-20,-32,-2,-12,-5,-42,-31,-4,-13,-8,-1,-12,-17,0,-23,-2,5,-30,-9,-14,-14,-6,-3,-1,-20,0,-14,-1,0,-6,-5,-6,-5,-12,-7,-7,-3,-8,-9,39,28,-1,-25,-11,11,-21,3,-2,2,-5,-6,-10,0,-9,-3,18,-8,-4,-8,3,-1,-4,0,-8,-15,0,5,5,1,-7,11,-17,-11,-0.00412438772775658
2013-12-01,11,16,20,7,12,3,1,25,6,26,4,4,17,9,15,9,-1,19,4,11,3,18,10,20,31,-2,11,2,23,23,4,9,3,-1,13,11,-5,16,0,-12,26,3,12,17,4,0,1,13,0,23,2,2,6,9,-2,60,11,6,3,0,7,5,-29,-12,-8,22,5,-2,17,13,2,-1,2,3,7,9,9,4,-25,-4,-2,10,-2,2,3,-3,15,6,-1,-4,-9,0,-1,-14,3,12,-0.0166697909502123
2013-12-08,7,0,16,4,3,-2,0,-2,0,9,-3,1,-1,-9,-3,5,4,1,0,-1,2,2,-2,-1,0,2,6,0,-6,1,-1,-7,0,0,1,1,1,-3,1,2,-1,1,5,4,1,5,-2,0,4,11,-2,1,2,-1,4,-53,-2,4,2,1,0,0,-7,3,2,1,-2,3,-1,-16,-2,3,0,0,-1,-8,-1,3,2,5,2,2,6,-2,0,6,-2,8,-9,3,1,0,5,1,0,-1,0.0291346609391958
2013-12-15,-10,-12,-22,-11,0,6,1,-11,-1,-19,1,-4,-12,-16,-14,-4,-4,-2,-2,-14,-1,-4,1,-12,-13,-2,11,-2,3,-10,10,-1,-4,0,-1,-5,1,-5,-3,3,-14,-2,-9,-6,2,7,15,-2,-1,1,0,-1,-4,1,-1,-3,2,3,-3,3,-7,-2,10,-1,1,-9,-6,7,-5,0,0,0,2,-1,-1,1,-4,-2,5,5,5,-5,1,-1,0,1,-3,-13,0,-2,0,4,-2,5,-9,3,0.0157357405932768
2013-12-22,-20,-18,-41,-15,3,-4,-2,-32,5,-37,-8,3,-21,3,-20,-18,-1,-31,-7,-13,-1,-10,-11,-22,-42,0,-21,-2,7,-19,-6,-2,-7,1,-21,-10,3,-19,3,6,-37,-10,-24,-33,1,2,1,-16,-2,-18,0,-1,-9,0,-1,-2,-13,-13,-5,2,-10,-10,9,19,2,-29,3,24,-13,4,1,1,0,-5,-8,3,-8,-1,21,-3,11,-3,7,-2,-4,-2,-15,-7,-3,6,5,6,-1,23,-13,-12,-0.000511097478700151
2013-12-29,11,9,7,1,9,1,1,6,6,3,2,4,11,11,6,9,-3,7,2,4,-1,3,5,10,7,6,-2,8,-6,7,3,22,5,1,6,16,3,7,-2,1,6,-6,5,4,6,-4,5,7,0,-39,0,6,-2,1,-4,-1,4,6,4,1,2,4,-20,-1,0,5,7,-50,8,-1,-1,-1,0,5,4,-1,5,7,7,-9,0,1,-9,4,3,2,-11,3,7,5,4,1,4,-4,8,3,-0.00200197058048879
2014-01-05,19,15,16,11,24,-2,0,18,12,32,27,4,20,17,13,10,10,18,4,7,-3,12,11,14,22,2,6,3,26,19,-3,6,9,-1,14,11,-7,19,2,-5,29,21,26,15,-3,-3,-5,9,1,12,0,-2,9,5,2,9,5,12,5,0,7,10,-12,-9,0,16,8,-22,16,-10,2,-3,1,17,7,4,5,11,-33,11,-10,10,-7,2,4,4,11,10,12,-6,-2,-7,-1,-17,16,3,0.00130775919322978
2014-01-12,2,8,29,7,-5,2,1,15,-6,14,-15,0,6,11,8,13,5,6,2,9,5,-2,6,8,17,0,-1,-1,-3,5,5,-2,17,1,3,4,4,10,-4,5,15,-7,15,-1,-1,-1,6,2,1,6,0,1,1,-1,5,-8,9,0,-1,0,4,3,2,-13,1,9,14,0,3,0,2,1,1,-5,0,-3,5,-4,1,2,9,2,1,0,0,0,4,0,-13,1,-3,4,3,1,7,2,-0.0358413087693936
2014-01-19,-4,-3,-11,0,-15,-1,0,-5,-3,1,0,1,-2,-6,-2,-1,-8,-5,-1,0,-2,-9,-7,-5,-8,0,-1,0,-15,-6,-5,-4,4,2,-4,-3,-1,-12,1,-2,-8,5,-1,7,-2,0,4,3,4,1,0,11,-1,2,2,2,-4,-7,1,0,0,-5,-3,5,-2,-3,-9,1,-7,1,-1,1,-2,-4,0,3,-1,-4,1,-1,-3,1,-2,-2,-1,-9,-1,2,9,0,2,-1,-4,-2,0,0,-0.0114169947182905
2014-01-26,4,1,3,2,7,3,4,8,2,1,2,-4,8,3,5,10,11,3,1,1,-1,12,7,3,5,0,3,1,16,6,1,-3,14,1,6,3,-1,1,2,1,11,0,15,1,4,0,12,1,1,3,0,-6,1,11,5,-2,-2,2,-3,0,2,2,0,-8,5,6,-4,-6,2,-4,-2,-1,1,1,0,-3,3,3,2,1,-3,2,0,4,2,0,1,15,-9,0,-4,-1,4,-3,5,-1,0.00604775485821918
2014-02-02,-1,2,2,-3,-2,4,2,-2,1,-4,-7,-1,-1,-16,0,20,-1,1,0,5,1,-3,2,-1,-2,-3,-3,-1,-18,-3,2,7,-15,1,2,-5,1,-2,-3,-2,-3,-7,-9,6,-1,-7,-1,0,-4,-1,1,-6,0,11,-1,0,-2,-2,3,-3,1,-2,-3,-5,-6,-4,-1,1,-1,0,0,0,-1,-1,9,-5,3,-5,-2,3,-6,5,8,-1,-1,3,4,-6,4,-4,-2,-1,-1,2,-2,0,0.0225566263503882
2014-02-09,2,-1,1,4,-19,-1,-4,2,0,-1,0,1,-2,7,2,-4,1,13,-1,10,-1,5,-3,1,1,1,8,0,20,3,-3,-9,-3,-3,0,-3,0,0,0,5,2,-2,-7,-9,-5,6,13,-2,-1,7,0,2,1,-11,-5,5,3,2,-1,6,0,1,4,9,0,0,2,5,-2,0,4,18,3,-2,-8,9,0,2,19,-7,15,21,5,1,-1,3,-4,-7,-1,3,0,10,1,4,-2,7,-0.00316760974421371
2014-02-16,1,3,5,1,-5,-4,-1,-4,-2,-2,5,-1,1,4,2,4,-10,-5,1,-1,0,-5,-6,-5,4,3,-7,0,-28,-1,3,7,-4,0,-3,6,-2,4,1,2,-6,3,0,6,3,-3,-8,3,-1,-1,0,-4,0,-3,3,-2,1,1,-2,6,0,0,0,-6,0,3,-1,0,5,2,-4,3,-3,1,2,0,-3,-2,-15,6,-3,-7,-9,-2,-1,-2,2,7,3,2,1,0,4,-1,0,-1,0.0134719132473577
2014-02-23,3,3,5,8,5,6,0,9,4,5,6,4,6,-5,6,-6,10,-2,2,-3,0,16,7,7,5,1,-2,3,26,7,-1,1,2,-1,4,4,0,2,1,-5,9,6,-3,3,-4,-1,-10,4,-1,-2,0,3,4,-3,-3,-3,5,-3,4,-4,2,0,-3,3,3,4,5,-5,0,-2,0,-12,3,3,3,1,-1,4,2,-6,-6,-5,-4,1,1,-1,7,-5,-3,0,0,2,-5,-4,8,4,0.00799473474592993
2014-03-02,1,-3,-14,14,0,-5,2,-4,1,-4,-5,-2,-3,1,-8,-11,-3,-10,-2,-2,-2,-8,0,-1,11,6,-3,0,0,-1,1,-3,-12,2,-2,-2,0,-2,4,2,-7,-5,-7,-8,2,0,-6,-5,0,-2,0,-4,5,-7,3,4,-5,-3,1,-3,-3,2,1,-11,-3,-6,0,0,-2,3,-2,-10,-3,-3,-5,-4,0,-1,3,3,-1,-5,-1,-2,-1,0,-3,-6,6,-5,2,-1,2,3,-3,7,-0.0238061634010087
2014-03-09,-5,-5,-7,-5,6,0,-2,-4,-5,-11,0,-3,-4,-8,0,1,-2,-1,-1,-5,1,-7,-4,-3,-17,-1,0,-1,-3,-9,-1,4,0,-2,0,3,-2,1,1,1,-2,-7,0,-3,1,2,-7,0,-1,-2,0,22,-6,1,-2,16,-4,0,-5,-1,0,-2,1,6,1,4,9,2,0,-1,3,-1,-1,2,2,3,-3,2,-2,-1,1,-4,0,2,1,3,-2,-8,0,2,-1,3,1,-3,-10,-11,0.0146503108427574
2014-03-16,1,2,4,24,-10,3,0,-1,-3,5,3,1,-1,-1,-1,-2,1,2,-1,0,2,7,-2,5,4,-1,2,-2,-13,2,-1,-4,-3,0,-2,1,1,-4,-7,5,-1,12,-2,25,-1,-1,-6,-1,0,1,0,-21,0,-4,0,-8,3,0,6,-2,0,-1,-3,-4,-2,-7,-6,-1,0,-1,-2,-1,1,0,2,-2,0,-5,4,-2,1,-4,0,1,-1,-3,-2,6,0,-2,-2,1,2,2,6,2,0.00124380235996213
2014-03-23,0,3,-2,-13,6,-3,-2,-1,-1,0,1,1,7,-6,2,0,3,-4,0,0,-2,3,0,2,-2,1,-1,1,26,-2,-1,2,-1,-1,-4,1,2,1,2,-1,7,7,1,-11,-1,2,-1,0,2,-1,1,0,1,2,1,-6,2,4,-5,2,1,2,-1,4,6,-6,3,-1,7,5,1,0,1,-1,2,1,1,0,-2,5,-1,-2,1,-2,1,2,0,-1,13,2,3,2,1,4,8,4,0.00547728620662014
2014-03-30,2,0,0,-9,5,8,1,4,1,4,1,0,-6,-1,2,6,5,1,2,2,-1,-7,2,-2,3,-3,3,2,-20,1,6,0,2,2,7,8,1,1,-2,-2,-2,5,-2,3,1,-2,1,0,0,3,0,0,-1,2,4,-6,-1,0,1,0,-1,0,0,-1,-4,11,0,0,1,-3,2,-1,-1,3,-4,-3,0,0,-2,-3,1,1,0,1,-1,-4,2,9,-19,2,-2,0,-2,-5,-10,4,-0.0237968906110062
2014-04-06,2,2,6,7,1,-3,1,-1,-5,2,5,-4,2,0,2,8,-4,1,0,3,1,-5,2,-6,2,1,4,-2,-1,1,-3,2,4,2,-6,-4,0,1,4,0,5,-6,4,-6,3,-1,4,4,-1,0,0,-3,2,4,0,8,-1,0,4,2,1,0,0,-2,-1,-1,2,0,-9,0,-2,-1,0,2,1,1,2,0,1,0,-3,-4,-2,-2,1,3,1,-6,3,0,0,5,1,-2,4,0,0.0235426726868049
2014-04-13,-7,-4,0,-6,-15,-9,-1,-1,-5,-9,-3,-1,2,-1,-2,11,-4,-4,-2,-4,1,1,-6,4,-7,-6,-2,-1,-9,-3,1,-7,16,-1,4,-4,0,-6,-2,2,-4,-7,-4,2,-1,1,7,-6,1,-4,-1,0,-3,7,0,-7,0,1,-7,2,-1,-3,1,6,5,-8,-6,4,-5,2,-3,1,-1,-1,-3,1,-3,-1,5,-4,1,4,4,1,0,-1,2,7,10,-2,-1,-1,-1,7,-8,-6,-0.00287330703644528
2014-04-20,5,6,3,4,0,-5,0,5,-1,11,4,4,-1,-9,4,-31,5,5,1,5,0,4,3,4,8,3,-1,0,15,2,-6,3,14,-4,-1,3,-3,7,3,2,10,-5,-2,9,-2,-3,-17,3,1,4,0,0,2,-22,0,-2,-1,-7,1,-1,2,4,-2,-1,-2,7,2,0,3,-2,3,0,1,4,2,3,2,1,6,3,0,-1,-2,0,1,0,2,-6,-3,3,0,4,0,-6,10,-6,0.00921275902670082
2014-04-27,-4,0,-9,9,8,6,-1,4,-2,2,-4,-3,-3,8,4,-3,-7,-3,2,-3,2,3,1,0,4,-2,4,0,2,3,3,-2,-18,0,0,6,0,2,-2,-1,-2,9,5,1,2,7,-3,3,-2,4,0,0,5,-1,-3,1,4,3,6,1,1,-1,1,-6,-1,-4,1,-3,0,8,0,0,0,-2,0,-3,-2,0,-11,0,0,0,3,2,2,3,-2,7,-13,2,0,0,-2,-3,-4,-2,0.00425724164982455
2014-05-04,-2,-5,10,-5,-3,-1,0,-4,0,-3,12,0,-7,1,-11,-5,2,-1,-1,-7,0,-13,-6,1,-2,0,5,2,-15,-7,1,-1,-2,-1,2,-6,-2,-7,-3,0,-1,-14,-10,-6,-2,-3,-1,-2,-1,-1,1,7,0,0,1,0,-2,-2,-3,-1,-1,0,0,4,4,-3,4,-1,0,-6,-1,-1,1,1,-1,-1,-1,1,7,-10,7,-2,-3,-2,-1,-3,-3,-3,3,0,0,5,4,1,-1,-6,-0.00556495886818276
2014-05-11,-2,-4,-13,-3,-4,-4,1,-2,0,-4,-3,-5,1,-11,-4,-4,-6,2,0,3,-1,-3,1,-8,-5,-1,1,11,10,0,-3,1,-14,0,-1,-4,1,2,1,0,-4,0,0,-5,0,4,8,-5,0,-6,1,-7,1,-1,0,1,1,2,5,2,-1,0,-1,4,-1,-4,-5,1,-4,3,2,2,1,5,0,3,-2,1,10,9,-4,0,-1,-2,0,-1,-3,-8,4,-2,-1,-3,1,3,-5,2,0.00694669797749548
2014-05-18,-5,-1,-6,-4,-4,-3,-1,-3,-4,-15,-2,2,-13,-10,-3,-3,0,0,-3,4,0,-1,0,-2,-1,2,-5,-3,1,-2,-1,0,-3,0,1,2,0,-3,6,-2,-5,1,2,-10,2,-3,-6,-1,2,-2,1,0,-2,1,5,-2,1,-4,-2,-1,-3,-1,1,-7,-1,0,7,2,2,4,-2,-1,4,2,2,1,1,4,-16,5,-3,-3,-2,0,0,5,-4,3,-13,0,-2,-2,5,2,-3,-3,0.00665602364293072
2014-05-25,-1,-5,-8,-13,-6,1,-1,-9,-2,-5,-1,0,2,5,-6,-2,-4,-4,0,-1,2,-4,-5,-5,-12,1,-3,-6,-10,-5,0,0,-4,-1,-9,-8,-2,-6,-3,3,-6,6,-4,-1,-3,-2,-4,-7,1,-3,1,0,-1,-3,-7,-1,-4,-3,-1,-1,-2,-2,2,3,-2,-6,-4,2,-6,-1,0,1,-4,0,-3,1,-2,1,-1,-7,2,-6,1,3,-2,-7,-4,-6,7,2,3,0,0,2,3,7,0.0123129054434461
2014-06-01,2,-2,5,-4,-3,5,1,-3,2,1,-1,1,0,5,5,2,4,0,1,10,1,11,4,3,-5,-2,0,-2,-5,2,4,1,1,-1,10,8,1,4,-6,-1,3,3,1,1,1,3,0,3,-3,0,3,-1,-6,1,1,7,-1,6,-1,-2,-1,4,-1,-8,-1,2,0,-2,7,6,-1,1,-1,0,-1,0,1,-3,-2,4,0,6,-2,2,0,3,-2,1,4,-2,-1,-1,-2,-2,-8,-5,-0.00881542663783641
2014-06-08,3,-5,-8,-6,0,-1,0,-8,-1,-7,6,0,0,4,-1,0,1,-4,-2,-18,-2,0,-1,-1,-6,1,0,-3,16,-4,-5,-6,-1,1,-1,-4,0,-3,5,3,-4,-14,0,-9,-3,-1,-2,-4,1,-1,37,-3,-6,0,2,1,-2,1,-5,0,-2,-1,3,10,-1,-4,-5,1,-3,11,-1,-4,0,-4,0,0,2,-1,0,-3,0,1,1,-2,-1,1,-5,3,0,2,1,-8,-4,0,0,0,0.0101617431048879
2014-06-15,-4,3,2,2,1,1,0,-6,-2,-7,-4,-3,-4,-6,1,-1,-1,-5,-1,2,2,-10,2,-1,-5,1,-1,-1,-29,1,3,5,4,-1,0,0,1,-5,0,-3,1,4,-2,2,2,0,0,4,-2,-6,34,1,0,-2,-1,-6,1,0,-2,-1,-2,-4,-2,-4,1,-2,7,0,1,4,1,3,-1,4,6,1,-4,3,6,2,3,12,4,1,1,0,-2,0,-4,0,0,1,0,3,2,-1,-0.00563571180965106
2014-06-22,4,3,-5,0,-1,-3,0,1,0,-2,-1,2,4,1,6,-1,0,2,0,2,-2,-1,-2,-3,-6,-2,-3,0,14,-6,-3,0,-5,0,-1,0,1,-1,4,0,-19,-9,0,-3,2,3,0,-6,1,-3,2,-1,-4,-1,0,0,6,-1,2,2,-1,0,-1,7,0,-4,-4,0,-2,-3,-1,-2,3,2,-4,-3,0,-1,-11,-1,-2,-11,-4,3,0,4,-2,-1,0,-3,3,0,-1,1,-5,-2,0.0127607442924589
2014-06-29,-8,-3,-3,-11,-2,7,0,-3,0,-1,-3,-1,-4,7,-11,-5,-2,-7,-1,4,3,-5,-4,-8,-6,1,-2,-1,-5,1,3,-4,-1,1,-8,-5,2,-5,2,6,-8,11,-8,-4,7,-1,3,-4,-1,-3,-14,7,1,-2,2,-2,23,-6,0,-1,-1,-3,3,14,1,0,0,5,-5,-1,-1,0,-3,3,-5,5,-3,-1,9,-3,2,-7,-1,12,1,-5,8,-5,1,1,-1,-2,-1,5,-4,-4,-0.00731797701449999
2014-07-06,9,2,4,9,5,4,1,2,0,5,6,1,4,2,2,6,0,7,2,-4,0,6,7,7,18,1,3,2,8,3,9,8,13,0,5,15,-4,9,2,-2,6,-11,8,8,-3,2,-1,8,0,0,-29,2,-2,6,3,2,-29,9,2,3,0,3,-1,-8,1,5,3,-4,9,-3,4,0,2,-2,1,1,6,3,-10,-3,1,8,4,5,4,4,-5,8,-1,2,3,0,6,-5,12,4,0.00918636385310023
2014-07-13,-3,-1,1,1,-4,-3,0,0,1,-2,4,1,0,-5,0,4,4,-1,-1,-3,-1,-1,-1,3,26,-2,1,0,8,-1,-4,-1,15,0,1,-4,1,0,-4,-1,3,2,-1,-7,-2,-3,-1,-1,0,5,-15,0,2,-2,-3,24,-3,-1,-1,0,2,-1,0,-8,0,-2,-1,-1,-2,-3,-2,2,0,-2,5,1,-1,-1,3,8,2,-1,-1,1,-1,4,-2,-2,0,2,-1,0,1,4,3,4,-0.00819771477944187
2014-07-20,0,0,-4,-2,-1,3,-1,0,1,1,-6,0,3,1,3,-3,-2,2,0,8,-1,4,0,3,11,1,0,0,-2,-2,-2,-2,17,-1,3,0,1,0,0,-1,1,12,0,4,-1,6,2,-2,2,0,-21,1,1,0,1,-7,1,3,1,-2,-1,3,1,6,0,3,1,1,3,-1,2,-1,-1,-1,-3,1,1,0,-1,-2,4,1,0,2,3,-5,2,2,-3,-5,3,-3,-2,2,-8,1,-0.0279328268515133
2014-07-27,6,-5,4,-5,-2,9,4,-3,-1,-4,-3,3,-2,4,-4,1,3,-3,-1,-4,0,-3,5,-4,-10,0,1,1,0,6,4,-4,-13,5,4,1,1,1,0,-1,-1,5,0,-2,2,-2,5,2,-1,-4,-1,4,-1,-1,-3,-14,-1,4,0,1,-1,0,1,-9,-1,4,0,0,-2,-2,1,0,0,3,-1,-1,2,-4,0,4,-1,7,3,6,1,-5,2,1,7,1,1,2,-3,3,-7,-2,0.00366508712891367
2014-08-03,-6,2,-1,2,-2,-2,-1,3,-1,5,4,-6,-2,3,1,-5,-7,6,2,-9,2,2,-2,6,-12,2,-4,1,1,-4,4,0,-13,-2,-2,-1,-3,-2,0,0,-2,-6,-2,1,-2,1,-1,-2,1,1,1,2,1,1,1,-5,1,4,0,1,0,2,1,7,0,-4,-10,-1,0,-1,-1,1,-1,-3,-1,-2,-2,1,1,-7,-1,-3,-2,9,1,3,0,-11,-3,0,-1,-2,-5,-4,-3,-2,0.00656178369421134
2014-08-10,-2,-4,-2,-4,-2,-1,-2,-3,-4,2,-4,1,-7,-7,-3,2,2,-6,0,-3,-3,2,-4,-7,-16,-5,0,-6,0,-2,-3,-3,-7,-3,-1,-1,1,2,-6,-1,4,-6,3,-2,-5,-3,8,32,-2,0,-1,-6,13,0,-4,16,-1,-2,3,-4,1,-2,-3,-3,-2,-7,-4,-2,1,-5,-2,-2,0,-3,-1,0,-2,-4,2,3,-1,-1,-1,-7,3,3,7,1,-1,-4,-2,-1,-2,-3,5,-5,0.020099846821358
2014-08-17,1,4,8,2,0,-9,1,9,5,11,-2,5,6,0,0,0,2,1,0,2,1,-3,2,3,3,0,4,1,-24,-2,-2,-1,-7,0,-5,3,-1,1,-2,-1,7,-1,5,-1,4,0,6,-23,-1,3,2,1,-12,1,0,-15,0,0,-2,-2,2,4,0,-3,2,3,2,0,2,-2,3,-1,0,3,3,-4,-1,-1,-3,5,-5,-3,-3,0,11,-4,-4,6,7,2,-3,-2,-3,-7,-1,5,0.00570262291164703
2014-08-24,-1,4,4,-1,-2,3,-1,9,-1,23,-3,-4,3,-1,0,-3,0,6,3,4,0,3,-1,1,13,-2,0,-3,10,5,-1,-4,1,0,-2,-12,3,4,3,-2,11,0,5,3,-1,-4,-15,5,1,5,-3,-2,-3,-2,1,3,0,2,6,2,4,2,0,-1,-3,9,-2,0,-2,-2,-2,1,-1,-9,-2,-1,0,-4,0,-5,-2,-1,1,4,26,6,7,6,-3,-2,-2,-4,0,-6,7,3,0.0022730687167325
2014-08-31,-1,4,9,6,0,-4,-2,6,0,5,-2,0,0,1,0,-1,-6,-1,1,2,1,3,-5,-4,5,0,-5,0,-4,4,-2,1,1,0,3,-5,-3,-1,1,0,4,12,11,6,-3,0,-2,-5,0,5,0,-1,4,0,2,0,2,-9,-5,-2,3,-3,0,4,3,6,-3,1,-2,1,0,0,1,-2,2,-2,-1,0,0,-3,-2,-3,-2,-2,15,-6,4,7,-1,2,1,0,-1,4,1,-1,-0.00878248479508592
2014-09-07,7,7,16,-1,0,-4,1,9,3,7,2,5,10,-6,15,9,4,12,2,2,-1,-3,8,4,8,4,14,1,16,5,0,3,5,1,8,0,2,9,2,-2,14,-2,4,2,-1,1,-5,9,1,10,1,2,2,5,-2,-1,5,0,6,-2,5,-2,0,-8,-2,12,0,-3,5,-3,-2,0,-2,-1,3,-5,4,-1,1,1,-3,3,0,2,-65,6,9,4,-7,-2,-1,2,-2,-5,12,1,0.0170563761378855
2014-09-14,2,1,8,-1,-1,2,0,5,8,-4,9,-2,1,11,1,3,11,11,0,10,-1,7,2,-2,-1,-2,1,1,12,6,-2,-2,-1,2,-3,1,7,-4,-5,-3,-1,-7,-6,9,2,1,5,10,-1,2,-2,-4,1,1,1,-4,0,-1,-2,0,0,0,-1,0,1,-1,2,0,2,0,0,2,0,-2,2,1,2,-1,0,6,-1,3,2,-5,0,-10,-2,-4,-3,-2,-1,-5,3,1,-3,2,-0.0096875338372886
2014-09-21,1,3,14,3,-1,-4,1,-7,-1,-1,-11,3,6,6,-1,1,-2,-3,-1,-3,-1,-6,-2,4,2,-1,-8,-1,-25,-1,0,3,-2,2,-7,2,-3,2,1,0,4,9,-5,-5,-2,0,-2,0,0,0,1,1,1,1,1,2,-4,-2,1,2,1,0,-1,-3,1,1,1,3,-1,1,0,0,1,1,1,2,-3,1,2,-7,1,-5,0,3,-1,8,5,-2,10,0,-1,1,1,-1,0,2,-0.00606404716121922
2014-09-28,2,0,7,1,2,6,3,6,0,-2,5,-1,-3,-5,8,-3,0,5,1,-3,0,-1,4,5,5,2,0,-1,10,2,1,0,1,1,7,-2,-2,-2,4,0,-4,0,-2,10,1,-4,-3,-3,0,2,0,7,0,2,-1,-1,1,1,4,3,-1,-1,-1,2,0,1,-4,0,2,-2,-1,2,1,1,23,-2,0,2,1,10,-1,0,-1,-2,0,-10,1,-7,0,0,1,0,1,4,9,-3,-0.0277536303484034
2014-10-05,-3,2,1,0,1,-2,3,0,0,-2,4,-2,2,-16,-3,2,2,1,2,7,0,1,-2,-5,-8,1,1,2,-16,3,-1,-3,5,4,-5,0,3,-1,4,-2,-2,4,2,-4,-2,0,8,-3,0,-2,0,-2,0,0,1,6,-2,0,-5,-2,-1,0,-1,0,1,-2,3,3,1,2,2,-4,13,-3,-3,0,3,-3,-2,-6,1,1,0,2,0,6,-3,4,4,0,4,-3,0,3,-4,2,-0.00994340100110946
2014-10-12,1,-1,-5,3,-1,-1,9,-5,5,1,-2,1,-1,3,6,0,7,-4,2,-5,1,-1,7,2,-3,3,-2,-2,34,-1,1,4,9,9,1,-6,0,-1,-10,1,-5,-7,-8,6,-1,1,-1,-3,2,0,2,-1,0,-1,4,-7,0,-1,2,3,0,-1,1,1,-2,3,-3,4,0,0,-1,2,-7,-3,-8,-1,-1,0,1,-3,0,-6,-2,30,-1,2,-6,4,-4,-2,-3,1,2,0,1,-2,0.0256147495026582
2014-10-19,-1,-6,-3,-3,0,-2,-7,2,-3,2,-1,0,5,-3,-4,-2,-4,4,3,5,-1,5,-3,-1,5,-3,0,3,-10,4,-1,-4,14,-12,3,7,-5,2,0,-2,4,2,4,-5,2,1,-3,2,-1,0,4,-3,2,3,-5,1,0,-2,3,2,-1,0,-1,0,1,0,-3,-6,-2,2,2,1,-4,2,-4,0,0,-2,6,-1,2,6,1,-2,1,-1,3,-11,7,0,0,-2,-3,-1,10,4,0.0342243355301566
2014-10-26,1,3,-10,1,0,9,-2,0,1,0,0,-2,5,-1,1,1,-1,7,4,-2,2,5,-3,2,-3,0,3,-2,2,-1,-3,2,-8,-1,-4,-3,2,-2,2,-2,-3,2,0,6,-1,-2,0,-4,-1,0,5,3,0,-1,-2,6,1,1,-4,0,1,-1,0,-5,0,-1,1,1,-4,0,-3,-1,-1,-2,-6,-2,-1,-1,7,6,-5,-3,0,-10,0,1,0,4,0,2,1,-3,2,1,5,5,0.0104913329621308
2014-11-02,3,2,-5,0,2,4,-1,5,-1,-1,-6,3,-2,-7,5,-4,-3,-2,9,29,0,3,-1,1,4,3,-3,2,-8,-1,6,-3,-1,1,4,0,2,-2,0,-3,-3,-2,-1,-4,4,-2,16,5,-1,2,-12,-3,-1,-3,1,-5,4,3,0,-4,-2,2,4,2,0,1,-5,9,5,1,2,0,1,0,-1,1,3,3,-12,4,3,-2,1,-10,0,4,0,-2,-7,0,1,5,2,0,-8,-3,0.00345429728538527
2014-11-09,1,-1,-5,2,0,-6,-3,-7,-2,-2,-8,-1,-2,1,-3,2,0,-5,-19,-22,-3,-1,-3,1,-2,3,1,0,6,7,0,4,-14,-1,-4,-1,-1,1,5,5,5,6,0,-2,-4,5,-15,-4,2,7,2,-2,6,1,1,3,1,-2,-7,-2,1,1,5,6,0,-9,2,8,0,6,1,2,-1,0,-5,1,0,-3,4,1,3,-1,2,-10,0,-7,-2,0,-7,5,4,1,-3,1,-9,0,0.009892663462157
2014-11-16,-4,0,3,-1,1,-4,0,2,-1,-1,-2,-3,1,4,-3,-3,-3,0,0,5,4,-5,0,0,3,-1,-2,-2,-18,-5,-1,-2,-2,-1,4,-1,-2,0,-2,-1,1,-5,-3,0,3,-2,-3,1,-1,0,-2,0,-2,0,2,-3,-3,-1,2,-4,0,-1,3,-1,4,7,2,1,1,-4,2,-1,1,1,-1,-1,0,5,-4,-6,-4,2,5,-4,0,-1,1,1,7,-4,1,-5,-1,-1,8,0,0.00102023318612332
2014-11-23,-20,-20,-27,-11,-5,0,-3,-21,-5,-31,-3,0,-25,-10,-21,-13,-9,-30,-6,-21,-4,-7,-12,-17,-32,-1,-8,-6,-9,-28,-6,-14,-10,1,-18,-19,2,-13,-1,4,-30,-17,-18,-14,-5,-4,1,-13,-2,-17,2,-3,-5,-5,-9,-4,-6,-9,-3,-2,-9,-9,38,-2,-3,-23,-15,13,-22,6,-4,1,-6,-5,-10,2,-10,-6,21,-1,-2,-8,4,-6,-4,-4,-11,-9,-10,6,2,-3,-4,12,-12,-14,0.00729590640293765
2014-11-30,18,17,18,10,6,10,2,28,9,29,0,4,23,15,20,14,7,23,3,15,6,15,12,20,30,0,9,5,3,24,10,12,6,-1,14,15,-3,11,-1,-7,26,9,25,22,5,2,1,14,2,28,-1,2,8,7,0,2,5,13,4,3,9,9,-28,-5,-5,29,10,4,19,-1,-2,4,3,5,7,-3,12,4,-24,0,-2,7,0,-1,3,7,16,10,16,-4,-8,0,1,-16,0,14,-0.0384818373483444
2014-12-07,1,3,29,5,0,1,2,-1,-1,11,9,-1,-3,1,-1,0,1,3,0,0,-1,6,1,1,2,5,7,0,22,5,-3,-2,0,1,3,1,3,0,6,0,0,4,1,1,3,5,4,-1,0,14,-1,-2,1,2,4,6,3,1,0,2,0,0,-9,8,2,3,-2,5,-1,-1,5,-2,-1,0,2,0,0,0,5,8,4,0,1,-2,1,-1,3,4,-3,-2,2,4,4,2,-5,3,0.0298703285879824
2014-12-14,-7,-12,-16,-1,-1,2,6,-9,14,-17,-2,3,-11,-11,-17,-3,3,-2,-2,-18,-1,-4,3,-13,-11,4,5,-1,-17,-10,3,-3,-6,4,-5,-5,1,-6,-3,3,-13,5,-10,-5,-1,4,0,-8,0,3,1,1,-3,0,5,-6,-5,5,0,-1,-6,-4,10,-6,-1,-3,1,5,-2,-2,-3,2,-1,-3,-5,3,-7,2,5,10,3,3,3,-6,-2,1,-4,-11,5,-1,2,0,2,8,0,1,0.0138831280492351
2014-12-21,-21,-21,-55,-26,-5,-3,-5,-31,-15,-44,-8,-5,-28,-6,-25,-18,-8,-36,-6,-10,1,-16,-19,-18,-48,-7,-15,-6,-13,-37,-7,-4,-9,-3,-20,-14,4,-15,-1,6,-40,-22,-26,-33,-3,0,2,-18,0,-19,-1,-3,-10,-5,-3,-2,-13,-16,-7,2,-12,-9,10,9,3,-40,-8,30,-25,9,0,1,-2,-7,-9,-3,-10,-6,3,-14,8,-12,8,-3,-3,0,-19,0,-18,3,0,8,-7,30,-24,-11,-0.0123011299468665
2014-12-28,9,6,0,0,7,5,-3,-2,0,3,2,6,7,2,4,7,-7,5,-1,3,0,3,2,5,4,6,-4,6,5,12,14,20,4,0,-1,14,0,4,-6,2,1,8,5,0,6,2,8,8,-1,-47,1,3,0,4,-4,12,4,3,2,4,0,3,-19,7,0,-2,6,-55,14,-3,2,-3,4,6,5,3,4,7,35,-3,5,2,-8,2,3,4,-6,-3,4,5,8,3,6,-4,7,5,-0.00537646090834798
2015-01-04,18,17,25,9,9,-5,7,23,11,37,39,5,16,2,16,12,15,22,5,9,-2,8,14,17,32,12,7,7,24,22,-7,4,6,1,18,21,-5,12,2,-7,36,12,22,17,0,-6,4,6,1,15,0,7,8,7,-1,-1,10,10,9,-3,9,8,-12,-10,0,23,5,-22,16,-11,-1,-1,3,9,23,1,7,10,-46,6,-13,7,-9,-2,3,-1,13,8,3,-5,-8,-10,-4,-25,17,6,-0.0128118417236216
2015-01-11,3,3,12,4,-6,-12,-2,11,-5,14,-28,-3,8,4,5,11,0,8,2,0,-1,-4,2,7,5,-9,0,0,1,3,-1,-1,17,-1,4,-4,0,5,-3,1,9,-8,12,5,-5,0,-5,5,-1,5,1,-9,3,1,1,-5,2,-1,-3,-1,4,2,0,0,-4,0,11,-1,2,1,0,-1,-2,-2,-16,2,2,0,0,5,3,1,-1,-1,-1,-8,7,5,-4,-1,-1,1,3,4,11,-4,0.00915357222944913
2015-01-18,-5,2,-1,3,6,3,-3,0,-2,11,-4,-2,-3,1,6,4,-6,-1,2,5,3,-4,-3,-7,4,2,-4,2,7,1,1,-5,10,0,4,0,1,2,2,1,3,9,8,23,4,-2,9,3,0,0,-1,0,-1,4,5,-1,0,1,1,1,0,-1,-1,-2,2,8,-5,2,-2,4,3,0,0,0,2,-4,2,-3,-2,0,4,1,3,0,0,7,-5,12,0,2,2,3,0,6,-3,18,-0.0291459269297505
2015-01-25,4,1,3,0,-3,-1,2,5,0,-2,4,0,10,7,4,9,9,-1,-1,4,0,16,5,5,0,-2,3,-2,4,-1,0,0,20,0,3,2,4,-1,1,-2,5,-12,5,-10,3,-1,1,-3,2,7,-1,-1,1,9,-2,-2,3,-2,2,-1,2,-1,-2,-2,2,7,5,-6,1,-9,-1,0,0,0,-1,0,2,9,0,-9,-7,-3,0,-3,0,-1,2,-2,-3,0,-4,-3,2,-12,-1,-13,0.0376926127397361
2015-02-01,1,4,7,2,-4,5,-1,-1,3,-6,-1,2,0,-5,1,5,-1,-5,0,-4,-1,10,-2,-2,3,0,-2,0,-5,6,2,0,-18,-1,2,0,-6,1,-6,1,2,7,2,-8,-3,-3,-5,3,-2,1,2,0,1,0,-2,32,-1,0,1,-4,3,1,1,-3,-3,-5,0,1,1,9,-1,-4,0,4,1,4,1,-9,1,3,-1,0,1,0,0,-2,2,-15,6,-4,-1,-1,-3,-3,1,4,0.0108840775572467
2015-02-08,3,-3,5,-1,-5,-3,0,-3,-2,-2,0,-2,-5,-4,0,0,2,0,-1,1,1,-3,0,-2,1,-5,1,-2,-1,-2,-1,-8,-2,0,-4,-6,2,0,6,2,-6,-2,-8,6,-2,1,-6,3,0,3,0,-1,-1,-6,1,-26,-3,0,-1,4,-2,-1,3,7,1,0,-4,4,-2,-8,3,2,4,-2,-5,1,-1,-3,17,1,12,-2,2,-1,-1,3,2,3,4,2,0,10,2,7,4,4,0.00669751122897999
2015-02-15,-5,2,-1,1,2,-4,-2,-6,-2,-9,-6,1,1,2,-2,0,-8,-7,0,-3,-4,-6,-4,3,-8,-2,-2,2,-1,-2,1,2,-12,1,-4,1,-1,-6,-3,-4,-7,9,-9,-7,2,-2,-4,-7,8,-9,1,1,-1,-3,-2,-6,-1,-2,0,0,-2,-1,-1,12,1,-9,2,1,-3,4,-3,1,-3,2,7,3,-4,5,-15,1,-4,1,-1,0,1,-2,0,4,-10,3,4,-2,0,5,-1,-3,-0.000426774985616163
2015-02-22,5,0,8,5,-2,4,0,7,2,10,6,1,6,5,5,1,13,4,2,6,1,-1,2,1,12,4,0,1,8,3,-5,4,6,-2,0,8,-2,7,3,-3,11,-3,1,12,-4,-1,1,5,-1,7,0,4,3,-2,2,1,4,-1,-1,8,2,2,-2,-7,2,5,2,-5,-1,-2,-2,53,-1,1,-2,-3,3,-2,-2,-5,-4,-2,-6,-2,0,-5,-1,-8,6,-4,-3,-3,-2,-8,12,-1,-0.0153336663701644
2015-03-01,0,2,-4,-4,-1,3,2,0,0,-5,2,0,-2,-4,-2,-2,3,2,-1,-2,-1,8,2,1,-1,-6,-1,2,1,-1,2,2,-8,0,10,-3,0,2,1,3,-2,11,-1,-3,4,0,-1,-5,-5,-3,1,-1,2,0,0,10,0,2,-2,3,0,2,-1,5,1,-4,9,1,1,1,2,-34,1,0,2,4,-2,4,4,-2,1,3,1,1,0,4,-3,1,4,1,1,4,5,-5,-14,-1,-0.00603655592722951
2015-03-08,2,-4,-6,2,1,-2,1,-3,-3,-5,-1,-5,-5,-2,3,1,-12,4,1,5,-2,-7,0,-2,-2,4,2,0,-2,-1,1,-1,-5,2,-11,1,0,-3,2,1,0,-13,2,3,-2,3,-4,2,-1,-3,0,2,-4,-2,2,-1,-2,-4,1,-4,-1,-2,1,-5,-2,2,-1,0,-3,3,-3,-12,-1,0,0,0,0,-3,-2,10,4,0,-2,2,1,1,-5,0,0,3,0,4,2,-1,11,0,0.0210917457748607
2015-03-15,0,0,-17,1,-1,-3,0,-2,-1,1,3,5,2,7,-4,-6,1,-2,0,-4,0,2,-2,2,-3,3,4,-2,4,-2,-1,1,-3,-1,2,2,0,-2,-3,-1,0,-5,0,-10,2,0,-1,-1,0,-2,-1,-2,1,-3,-4,-8,2,-1,1,-4,-1,0,1,2,0,-6,-3,0,3,-1,2,-3,1,1,-3,-1,0,-2,2,-3,-4,0,-1,-3,-1,1,4,8,0,1,3,3,0,3,-6,2,-0.023158771567438
2015-03-22,-3,-1,9,6,-1,1,0,2,-1,0,-2,-5,0,-12,0,-1,-3,-2,0,-5,2,-1,1,-2,4,-4,-5,-1,-24,-1,0,3,-1,-1,4,2,1,3,3,1,1,5,4,4,0,1,3,2,1,1,1,0,3,0,6,44,17,5,3,-1,1,1,-3,-7,3,6,2,1,-1,-3,-2,-3,-1,2,2,0,-1,2,-3,0,-1,-4,2,-1,0,10,5,-8,90,2,-4,1,1,0,5,-3,0.00285151957903018
2015-03-29,1,1,-7,-3,1,6,-1,-9,-3,-4,8,2,-1,5,2,3,-3,-5,-1,7,0,-9,-4,-1,-6,3,-1,0,14,-4,5,-4,0,3,2,5,1,-3,-6,-2,-7,-1,-5,-7,-1,2,-1,-6,0,-1,-3,0,-5,1,1,-34,28,-1,-4,-1,-2,-1,3,11,-2,-8,-7,4,-1,0,0,1,0,1,6,0,1,-4,5,-4,0,5,-1,-2,0,-11,8,-4,-90,1,0,-1,-1,-1,-7,4,0.0164382728280099
2015-04-05,0,1,5,4,-1,-10,-1,6,0,1,-5,2,3,1,0,6,2,-1,1,3,2,8,1,1,4,-3,0,1,2,3,-3,7,9,-4,-2,-2,-2,2,4,1,4,-6,-2,5,0,-2,4,3,0,0,0,2,2,4,-2,-5,-42,0,-2,1,1,1,-2,1,0,8,7,0,3,0,2,0,0,-2,-3,1,0,0,7,-2,-1,-1,2,1,1,3,-5,8,-3,0,-2,3,-3,3,5,4,-0.0128945006299954
2015-04-12,5,5,4,5,1,-1,0,8,6,9,7,0,3,0,9,22,2,2,0,4,-1,-1,6,6,9,2,4,3,16,4,4,-8,19,2,-1,3,-1,6,3,-3,10,7,6,12,4,-3,11,2,-1,6,0,-4,5,11,2,-3,-1,5,2,-2,3,-1,-2,0,0,5,-1,-6,1,0,1,-1,0,3,1,-5,3,-1,-14,2,-3,1,-1,0,0,0,-4,4,6,0,2,3,0,-5,6,5,0.0141391941362272
2015-04-19,-3,5,1,3,-2,-2,0,0,0,3,-1,2,2,-1,-2,-35,8,3,-1,5,1,-3,-3,1,2,-3,-1,-5,-6,0,-7,-1,12,0,-1,0,0,-6,-2,0,5,7,-4,0,-3,6,-17,3,-1,2,1,-2,0,-25,0,-1,-1,-10,0,7,1,1,1,-8,1,-1,6,1,-2,1,-2,2,1,0,1,1,0,4,4,2,4,0,1,-2,0,0,-1,0,0,0,1,1,5,-1,7,-16,-0.00310657049766583
2015-04-26,-2,-4,1,0,0,6,-1,1,-6,-3,-1,-3,-2,3,1,-2,1,0,1,-7,1,1,2,0,1,0,0,2,-30,2,2,-2,0,-1,3,-1,1,4,0,-1,-6,-7,-2,4,2,-5,-4,-3,0,-1,0,5,5,-3,1,-1,3,4,3,-4,-1,0,0,2,-1,-1,-8,-1,-1,0,1,-2,6,0,-3,0,-2,-5,-1,-3,-2,-3,1,-1,2,0,0,0,-3,-2,-2,1,-2,-1,-11,-4,0.00922541648311359
2015-05-03,-1,-5,9,-4,-1,2,0,-2,-3,0,7,-3,-3,-6,-7,-7,-7,-2,0,-5,-1,-6,-3,-3,-4,-1,-1,0,-6,-3,1,5,-13,0,-2,-2,-1,-3,5,1,0,-12,6,-9,5,5,-1,0,8,2,-1,-1,1,2,0,9,1,0,2,0,1,-2,1,1,1,3,4,1,-1,2,-1,-1,-6,3,0,-1,0,5,8,5,9,2,3,3,-1,0,-1,-4,-3,2,-2,5,1,1,-2,-2,0.00446753207490147
2015-05-10,-4,2,-21,-1,0,2,2,2,0,-3,-7,0,-2,-3,-8,-3,0,-2,-1,-6,-1,-6,-1,-5,-2,-2,-1,-1,7,-3,0,-4,-20,-2,-2,-3,-1,-3,-4,0,-4,12,-5,2,-8,-1,-3,-5,-4,-6,1,1,-2,-1,-4,9,-4,-3,-2,0,-2,3,-1,1,0,-6,3,1,-2,20,0,1,-1,1,2,6,-3,1,20,-1,-6,-1,-6,-2,-1,1,-4,-3,7,0,-1,-3,4,0,-8,2,-0.00222114773438342
2015-05-17,-4,-8,-8,-6,-1,-2,-2,-8,-2,-13,3,-3,-2,-2,-1,-1,-5,-1,-3,-5,-1,-11,-3,-5,-9,7,0,3,-10,-5,1,-2,-5,0,1,-2,1,1,5,0,-5,-13,-9,-12,0,-1,9,-1,-1,-2,1,6,-3,0,4,-15,2,1,3,9,-3,-1,3,-1,2,-8,-4,2,0,-19,0,-1,4,2,-1,3,0,2,-24,12,-1,0,-1,1,1,-1,-2,-3,0,-1,0,-5,4,4,2,-6,-0.0122144652373475
2015-05-24,-8,-3,-7,-8,0,-3,-2,-8,-4,-12,2,-1,-13,-1,-8,-4,-6,-4,-1,-5,2,-3,-5,-5,-9,-6,-5,-5,-4,-5,-3,1,-6,-1,-4,-5,-2,-3,-2,5,-10,2,-5,-6,0,2,16,-3,6,-6,0,3,-2,0,0,2,-2,-3,-7,-5,-3,-2,2,7,0,-2,0,3,-5,1,1,0,0,11,-2,2,-2,-1,-1,-7,2,-3,2,-3,-1,8,-2,0,-10,8,2,2,-1,4,-4,-1,-0.008991589736004
2015-05-31,12,-3,3,1,1,5,3,-6,2,4,2,1,8,2,6,2,3,1,0,0,0,5,7,4,0,0,5,1,6,4,2,4,-1,0,9,8,0,1,-3,-2,6,-2,8,-5,1,0,-12,1,-6,1,1,-4,-9,-2,-1,-2,4,7,-5,-4,0,4,-2,-4,-2,3,1,-4,7,0,0,-1,-3,-8,5,-5,3,-1,-1,-9,-1,5,-1,3,0,-7,-5,-7,3,-9,3,-4,-1,1,-6,12,0.00276258934407458
2015-06-07,-3,3,2,-1,0,2,0,-5,-2,-5,-5,0,-1,2,-2,1,5,-2,1,2,0,0,-3,-2,-8,2,1,0,-19,-5,2,-3,2,0,-1,2,1,-3,0,0,-3,-5,-5,-3,0,2,-5,0,-3,-3,12,-5,-5,1,2,-2,-5,1,9,0,-2,-1,1,1,0,2,-2,1,2,2,0,0,0,7,0,3,-1,2,-2,4,0,2,1,-3,1,6,-8,7,0,4,1,0,5,1,2,37,0.00652153573023107
2015-06-14,-1,-8,-11,-6,-1,-5,1,-2,-1,-10,6,2,1,-3,-1,-2,-2,-1,-1,-11,-1,-5,0,3,-6,-3,0,-1,29,-3,2,2,0,-1,5,-4,0,-3,-8,1,1,5,-1,0,3,0,0,-2,-1,-3,0,0,-1,-1,1,-2,-4,-1,-9,-1,-2,-5,1,3,1,-8,-6,0,-3,2,-1,-1,1,-5,-7,-1,0,0,1,-10,3,0,3,-2,-1,-7,0,-1,-3,-1,0,-2,-8,3,-4,-31,-0.00385231106681161
2015-06-21,1,0,5,1,1,-3,0,-5,2,-2,-3,-1,-1,2,0,1,-1,-2,-1,12,2,1,4,-10,-2,2,-1,-1,-13,-3,-3,-4,2,1,-7,1,2,0,5,1,-18,-5,-4,1,-2,1,-5,-3,1,-3,-6,0,2,-1,-1,5,5,-1,3,5,0,-1,1,-3,1,0,2,3,-1,-2,1,3,75,10,0,4,1,0,11,5,3,3,-3,4,1,5,3,-5,7,2,2,1,-4,2,9,-6,-0.0121408332354882
2015-06-28,-11,-1,-4,28,3,8,8,11,4,-4,1,-3,-5,1,-2,-7,5,-3,0,-5,2,-3,0,-2,-5,6,0,1,10,-2,6,2,-2,11,-6,-6,5,-4,3,0,-8,-1,-8,-2,8,6,0,-2,-1,-4,-1,0,-1,0,11,1,23,0,1,3,-1,-1,3,6,0,-1,3,11,-3,1,-1,1,-36,-4,-1,0,15,1,-5,4,-4,6,1,0,1,0,3,18,12,3,1,0,3,-4,-18,6,0.00170754267690398
2015-07-05,9,3,-2,-6,1,-7,3,2,6,4,5,6,4,3,5,6,13,8,0,4,0,3,7,5,2,-1,-1,-2,20,7,3,3,6,17,12,14,82,4,-3,1,3,15,11,-1,-1,-2,0,2,0,1,0,-3,-1,0,5,15,-22,2,0,-2,0,2,-2,-4,1,0,-5,-10,7,-3,1,10,-33,-3,1,-1,-3,1,-9,-2,2,-9,0,-2,3,-1,-7,2,-16,-4,-1,0,-1,2,1,38,0.0181911642840582
2015-07-12,4,14,4,-13,-2,2,-8,-4,-5,1,-4,-1,3,-4,1,3,-14,-1,1,1,0,5,-4,2,0,0,3,0,-30,8,-4,-3,24,-24,-6,-5,-86,0,1,-1,3,-10,1,0,-4,-2,7,-1,0,-2,-7,0,-1,0,-15,-15,-7,6,1,1,0,-1,1,-4,0,0,-1,-2,-1,2,1,5,-6,-3,5,3,-5,-2,0,7,4,0,28,1,1,5,2,-13,0,3,3,-3,1,4,10,-43,-0.0290538026052918
2015-07-19,1,-9,-3,-11,-1,-6,-1,-6,1,-1,-2,1,-1,5,-3,-2,11,2,2,-4,-1,6,1,2,-3,0,1,0,18,-7,1,2,24,-2,3,3,-1,0,0,-1,2,-4,-2,11,-1,6,1,1,2,3,2,3,0,1,-2,1,3,-1,1,2,1,3,0,1,3,1,3,1,2,1,0,7,0,5,-3,4,-6,5,0,-4,5,0,-22,-1,1,-5,0,-3,26,-4,2,3,-3,-2,-1,1,0.00688236538816511
2015-07-26,-3,-6,-1,-1,0,3,2,-1,0,-4,-3,-2,4,2,0,-2,-8,-2,-1,0,2,-5,1,1,4,0,0,0,7,-1,-1,-2,-18,4,-1,1,0,2,-3,1,-3,8,-4,-11,-2,-3,-5,1,0,-1,-2,-2,-3,-2,2,-3,-3,6,-1,-3,-1,0,0,-5,-3,-3,-1,-2,0,-4,2,-16,-2,-2,-1,-6,-1,-4,-1,3,0,2,-2,1,1,0,-1,-4,-15,2,-2,-2,-3,-3,-3,-5,-0.0180523595962896
2015-08-02,-2,1,2,-1,-1,5,-3,1,-2,4,-2,-2,-9,-3,-4,-1,-1,-1,2,2,-1,7,-2,-2,-2,2,0,2,-3,3,1,-1,-9,-4,-1,-1,0,-3,12,0,2,0,3,-4,1,1,-4,-2,2,0,0,-3,1,1,-1,-2,0,-1,-4,2,0,2,0,1,2,2,-8,1,0,0,-2,-5,0,-4,-2,1,2,-1,2,0,-3,0,-4,1,3,4,-1,4,-18,-1,-2,-3,-1,-1,-8,-3,0.00596944097990715
2015-08-09,-3,-2,-1,1,0,-5,4,2,2,7,-6,0,-1,2,-2,-1,-2,1,2,-3,0,-10,2,3,3,1,-1,-4,-5,-4,-3,-3,-18,2,3,2,-1,4,-3,0,0,0,2,7,-2,-3,1,3,-2,-1,-1,0,2,0,1,2,-2,1,2,-2,0,0,1,-3,1,-4,3,-2,-1,-1,0,-1,0,-1,3,-1,-2,-2,1,-3,1,2,1,-1,3,2,2,-4,11,2,2,1,0,0,15,1,-0.0599906333190496
2015-08-16,4,1,0,1,-1,-2,7,6,4,10,13,3,0,-5,2,1,6,-2,-1,0,0,-1,1,0,10,0,-1,1,4,0,-3,1,-3,11,-5,-1,3,2,-4,0,9,-1,0,-6,1,-3,-1,-3,0,2,1,-4,3,1,3,2,2,1,4,-1,3,1,-2,2,-5,-1,-4,-1,2,3,-1,1,-1,-6,4,-3,0,-3,-2,5,-4,-1,0,-2,8,-3,6,10,0,-5,-4,-2,-2,-3,-11,-1,0.0110722875994416
2015-08-23,2,5,17,3,1,1,73,19,36,23,8,5,-1,5,4,-3,46,15,2,3,-1,14,26,3,7,1,4,-1,-3,2,-2,-1,-1,73,6,-3,23,4,1,0,8,3,15,7,0,2,3,7,-3,6,1,1,7,3,28,11,0,-2,4,-4,4,0,0,-5,-1,14,1,-1,-1,4,1,0,-1,-5,-3,-2,1,-1,1,7,-6,-1,-3,1,13,-4,6,29,-4,0,-2,-3,0,-8,7,3,-0.0330232145114948
2015-08-30,-4,6,8,20,0,2,-51,2,-31,14,-7,-4,7,-7,7,3,-42,-4,1,1,2,-6,-21,-6,9,-3,1,-1,9,8,2,-1,3,-66,3,-11,-20,0,6,-5,16,3,11,8,1,-4,-1,5,2,8,-1,0,4,1,-22,-15,4,2,0,-1,4,1,0,-2,1,11,0,2,3,-6,0,-2,7,3,2,-1,-1,-1,4,-10,-2,-1,0,-1,27,-1,10,-23,3,0,-1,-1,5,0,8,-8,0.0203298955894642
2015-09-06,-4,2,7,13,-2,-11,-17,1,-11,-7,-4,-4,1,-1,-4,2,-14,3,0,14,-1,-7,-14,3,7,-4,-4,2,-17,-7,-6,0,-4,-10,-12,-4,-6,-1,-8,1,-2,-3,-8,-1,-5,1,-2,-1,0,5,0,-2,8,0,-4,2,5,-9,-2,1,2,-3,-2,7,3,4,-3,2,-8,-5,-1,3,-2,0,-1,-3,0,-3,0,-5,1,-6,3,2,21,2,4,3,4,-1,1,-1,-1,5,4,2,-0.00295632209391528
2015-09-13,6,6,12,-5,0,2,0,9,3,8,13,-2,6,1,10,6,6,14,4,7,5,6,6,2,8,0,37,3,-3,9,1,-2,6,-2,10,3,1,7,-2,-4,13,0,5,7,1,-1,1,5,0,3,0,3,-8,1,-8,-1,1,2,0,-1,4,2,-2,-1,0,5,0,-1,7,-2,0,-1,-3,-4,5,1,4,-2,1,1,-3,4,-2,-1,-82,1,7,-5,-11,-2,-4,0,-2,-5,4,1,-0.00427595510713807
2015-09-20,4,1,17,-3,-1,1,-3,-1,0,-3,7,3,4,8,-2,-3,0,1,-1,-10,-4,5,0,-5,1,-2,-34,-1,1,1,-3,6,-3,-1,-3,-2,2,-3,1,1,-3,42,-5,-2,1,0,1,-3,1,3,0,2,-1,3,3,1,-2,-3,0,3,0,-3,-2,-5,-2,-3,1,1,0,3,1,0,0,-1,4,0,0,2,3,-1,0,3,1,2,-1,-1,16,-5,0,-1,2,1,1,-3,-7,0,0.00961968141107228
2015-09-27,-2,2,11,-7,1,3,-2,1,1,-2,-15,1,1,-2,2,3,3,-1,-1,4,-3,-2,0,4,6,4,-2,-1,18,8,5,0,4,1,0,1,-2,0,2,-1,0,-34,1,7,-1,-2,-1,4,-1,-3,0,-2,-2,0,-4,-1,0,2,4,-2,-1,1,2,1,1,-2,0,-2,1,-5,-2,1,-1,8,11,-2,-1,1,-2,3,-3,-3,-2,-1,0,-1,-8,4,30,3,1,-7,2,2,6,3,0.0364866683864271
2015-10-04,6,-3,-5,0,0,-3,-6,-4,-2,-1,-2,0,-7,0,1,1,-7,-2,-1,1,2,-2,0,0,-5,-1,-2,-1,-5,4,0,-2,0,-2,-5,-1,2,0,3,1,-2,0,-5,-9,-2,-1,1,-2,0,4,0,-1,-2,0,5,-3,1,1,-2,1,0,0,0,-3,-2,2,-3,4,2,5,3,-3,-1,-7,0,-1,1,-2,-2,-2,2,1,1,1,0,-4,-10,0,-17,-1,0,5,-1,3,4,-1,0.00766643417489909
2015-10-11,0,1,-1,-1,1,-1,-1,-7,0,-1,-6,-1,8,-2,1,2,0,3,3,-3,-3,4,-2,4,4,0,0,0,-5,-6,-3,2,12,-1,0,-2,-1,-1,-4,-1,-3,-7,-6,8,-2,1,2,-4,2,-3,1,1,2,1,0,1,-3,-2,4,4,-1,0,-1,-4,0,-7,0,4,-5,-2,-1,1,0,-5,-1,-2,0,0,3,-2,1,-4,-1,-1,-1,1,-7,2,-9,0,0,-4,-2,-2,-1,1,0.0247112705553807
2015-10-18,-3,0,3,3,-1,-2,-2,1,5,-3,-1,-1,-2,0,2,-3,-1,3,0,3,0,-1,0,-5,-2,-1,-6,0,11,3,-2,-3,16,-1,5,-1,-1,-2,-1,-3,1,16,4,-5,3,-1,-1,2,-1,5,2,0,-1,-1,-3,0,6,-3,-5,-2,0,-3,0,0,1,2,1,-7,2,-3,-1,0,-1,-2,-2,1,0,-1,-3,-3,-2,-2,0,0,0,5,1,-4,6,-3,-1,-1,1,2,-1,-2,0.000953822239443625
2015-10-25,-1,3,-13,18,0,0,-1,7,-3,5,-4,1,3,6,0,-1,4,-1,-1,4,-1,5,2,7,-4,-3,10,2,9,-4,0,1,9,-1,1,-3,-1,-1,-2,-2,0,13,-1,7,-1,1,2,-1,2,-2,7,-1,-1,1,-7,8,-5,-1,0,7,0,1,0,2,1,-1,-3,1,1,-2,-1,-2,0,1,1,-1,4,-3,7,2,-4,1,4,-1,-1,-2,4,2,-10,-2,-1,-3,3,0,4,1,0.0138750706767361
2015-11-01,2,-1,-3,12,2,7,-1,-6,2,-1,1,5,3,-5,1,0,1,10,1,-3,3,5,1,4,1,-1,-5,1,-16,7,5,2,-15,-1,0,4,2,4,2,2,4,13,0,1,2,-2,1,4,0,4,-4,0,2,4,7,1,-3,3,0,-11,-1,3,3,-4,1,9,4,9,7,6,2,1,0,0,-11,0,-2,2,-4,3,5,-1,-2,2,0,2,-2,-4,7,3,5,1,-2,2,8,6,-0.0378414687802007
2015-11-08,-1,-5,-4,-13,0,-8,-1,3,-2,-1,-4,-3,-2,-1,2,-4,-5,0,-1,2,-1,-13,-5,-5,-4,2,4,-2,-1,-3,0,-4,-20,1,-5,-3,-1,-3,0,1,-8,-11,-1,5,-1,0,-4,-5,0,3,-6,-2,6,-2,-1,-3,12,0,6,-3,0,-1,4,-2,1,-3,-1,12,-4,4,0,3,0,0,-2,-1,-1,2,5,3,1,-1,1,-3,1,-5,9,9,-3,1,2,1,-1,0,-9,-6,0.032999057654445
2015-11-15,-4,3,-4,-2,-2,0,0,-3,0,-3,1,-2,-3,4,1,2,-2,0,1,-6,-3,7,1,-2,10,0,1,0,-3,-1,-6,18,-7,-1,-3,-1,2,-1,3,1,0,-8,-4,-4,-1,0,0,-2,-2,-1,0,8,3,-1,-3,-3,7,-2,-3,0,0,-2,1,10,-2,0,-5,-5,-5,-4,-3,-1,-1,-3,-4,-2,-3,-1,-7,0,-6,1,2,1,-1,1,17,-12,-1,-3,-3,-3,-2,-2,5,4,-0.000584777813871895
2015-11-22,-20,-23,-38,-32,-3,-1,-4,-24,-11,-35,-2,-5,-23,-11,-27,-19,-8,-41,-6,-16,2,-23,-16,-18,-41,-2,-12,-6,-15,-30,-3,-25,-7,-2,-10,-15,0,-15,-4,0,-30,-8,-20,-18,-6,-2,0,-13,0,-12,-2,-9,-4,-6,-1,-5,-11,-11,-5,0,-11,-8,36,-3,-1,-28,-14,15,-20,7,0,4,-2,-3,-7,3,-9,0,22,-10,-1,-9,9,-4,-4,-3,-27,-3,-3,7,9,-2,-5,16,-21,-9,0.00192031765200262
2015-11-29,21,20,27,18,7,11,3,24,13,31,4,4,20,7,26,18,6,29,3,18,4,28,14,22,33,0,19,5,4,30,10,6,6,2,11,18,-4,15,6,-7,32,15,26,21,7,1,8,19,2,29,1,1,-1,10,-2,0,0,15,7,0,10,11,-25,-8,-3,35,6,3,21,4,3,1,2,6,4,-3,10,0,-24,8,-2,11,-4,6,3,3,16,2,3,-2,-6,1,4,-15,20,11,-0.0331772259977949
2015-12-06,1,3,18,0,0,-1,2,6,-4,14,-1,2,3,4,-4,1,3,0,4,6,-1,0,3,1,6,5,-1,-1,12,3,-5,-2,1,1,6,-4,2,0,4,6,-2,-3,-2,10,0,4,-5,0,1,5,0,1,4,1,1,2,1,3,-9,-2,0,-4,-7,5,1,3,8,4,-1,-4,2,-2,0,-3,4,-1,1,-1,4,-3,6,-2,2,-2,1,4,9,9,16,1,-2,3,1,3,-5,-4,-0.00794684090189435
2015-12-13,-8,-9,-5,-9,0,3,3,-13,3,-10,-2,0,-9,-6,-11,-5,-1,-1,-3,-7,-2,-2,-1,-7,-8,0,39,0,-2,-13,4,2,-2,1,-8,-4,-1,0,0,1,-11,-9,-1,-8,5,6,3,-5,7,7,-1,0,-2,8,1,-1,-7,6,0,5,-4,-2,9,-2,1,-6,-7,4,-1,-1,1,1,-1,0,-5,4,-3,2,4,5,3,1,5,-1,0,-5,-14,0,-12,-2,7,4,4,10,-11,1,0.0244308770167763
2015-12-20,-20,-23,-53,-21,-4,-4,-6,-33,-9,-52,-5,-7,-23,-8,-27,-15,-11,-44,-6,-25,3,-22,-18,-22,-52,-3,-45,-6,1,-31,-7,-8,-6,-4,-7,-13,2,-16,5,6,-38,-11,-30,-28,-4,7,4,-16,-8,-11,1,-5,-11,-7,1,1,-11,-12,-6,4,-12,-7,11,14,5,-40,-9,32,-25,2,-4,4,-1,-5,-9,4,-10,-2,5,-6,6,-6,7,-6,-4,4,-21,-21,-6,-1,-1,6,-11,21,-18,-6,-0.00726994658288405
2015-12-27,4,7,-6,2,4,4,0,-2,3,-2,6,7,5,10,2,1,-1,2,-2,-1,2,2,2,2,-7,5,-11,5,4,7,14,23,-2,1,-12,11,1,1,-8,14,-11,-12,5,-6,6,-4,5,4,0,-54,0,4,-3,4,-3,-2,3,-4,7,4,-1,0,-13,-6,1,0,13,-47,11,-1,5,0,3,7,2,1,2,7,42,5,20,-3,-6,7,1,-1,-14,2,-1,13,12,7,8,5,6,2,-0.0638968776500501
2016-01-03,24,17,20,11,8,5,23,32,19,37,-3,13,14,17,17,11,19,25,3,12,1,10,19,17,38,12,9,4,11,21,-3,5,7,22,16,20,3,13,-4,10,36,17,23,12,6,1,6,5,1,14,-1,5,7,2,9,0,6,17,2,-2,8,9,-10,-2,-1,28,2,-28,19,-11,-2,-4,0,4,8,0,9,5,-54,12,-15,0,-9,2,4,-5,11,15,8,-7,-6,-12,-7,-29,14,2,-0.0221673108470579
2016-01-10,-2,-2,6,5,3,-8,2,13,-3,10,22,-6,2,-2,-1,5,6,2,4,2,7,0,0,1,3,-2,-2,1,10,2,-5,-9,9,0,-1,-3,0,3,-1,-5,7,7,6,2,1,0,-7,0,6,6,0,-3,-1,-4,3,2,0,-7,0,0,2,1,-3,0,-3,8,6,-2,-1,-3,1,-4,-1,0,36,1,5,-2,-2,-3,1,-1,-4,2,0,0,5,9,-6,-5,-2,-1,0,-2,-4,-2,0.00657262112342494
2016-01-17,-1,1,7,30,-3,-5,3,2,5,1,-15,-4,3,3,5,1,-6,-1,2,-1,-8,3,-1,4,-2,9,-1,2,-22,1,-2,2,8,4,2,1,0,0,-1,6,4,-12,5,-6,-7,-3,10,0,-5,-3,0,0,1,5,7,2,1,-2,2,-1,1,-1,-6,-3,2,-7,-7,2,0,1,2,2,2,9,-29,-1,-3,4,0,14,2,3,7,-3,0,0,1,6,6,4,4,2,3,1,2,7,0.0228998449101443
2016-01-24,7,12,4,-11,0,2,-9,0,-7,10,-3,4,16,6,13,11,5,-1,4,7,0,10,2,2,13,-8,7,0,13,1,4,2,29,-15,5,5,-3,2,1,-4,11,4,12,5,2,-1,5,3,-1,10,0,1,0,14,-5,-4,1,3,2,-2,3,0,0,2,0,9,2,-6,8,3,3,2,-1,-1,-3,3,4,-2,1,-8,1,3,4,3,0,3,0,-7,-6,-4,-4,-1,2,-5,12,5,-0.0159979470369329
2016-01-31,2,0,10,-4,-2,4,-5,8,1,2,11,-1,2,3,-2,6,-2,3,7,4,-1,2,1,1,-2,-1,-6,2,2,1,-1,-4,-11,-3,0,-2,0,0,1,0,-1,3,0,3,-1,-3,2,5,0,1,0,1,4,18,-3,1,3,-2,-7,5,2,0,0,-3,1,0,3,1,-5,-4,46,0,1,0,6,-2,4,-2,1,4,-2,-3,-3,-1,0,3,3,5,0,-1,2,0,-2,-2,1,-1,-0.0143655940620278
2016-02-07,-4,-2,1,2,-3,-4,5,-3,-1,-5,-5,-2,-9,-15,3,1,3,1,1,2,-1,-3,-1,-3,-2,1,2,-4,1,1,1,2,-11,5,0,-3,1,0,0,-2,-4,-9,-8,5,0,0,-12,-5,0,1,1,-5,0,-21,0,0,-3,-3,3,-2,-1,0,4,2,-2,4,0,4,-8,-2,-44,2,-1,-5,-8,5,-2,-1,4,-7,4,-1,1,-3,0,-4,1,5,13,-2,-2,6,0,2,3,-2,0.0258404407553758
2016-02-14,2,-2,0,-6,-2,-3,-7,-6,-5,-6,-2,0,1,-1,0,0,-13,-7,-1,-1,0,-11,-4,-1,0,2,-4,1,5,-1,-2,3,-7,-4,1,-1,-2,-3,-3,3,-4,-9,-6,2,-3,1,-8,0,6,-1,-1,1,-2,-9,1,1,15,-1,-2,4,-1,0,0,-5,2,-4,1,2,2,1,-5,-3,2,3,3,2,42,0,15,-5,5,-1,-2,2,-1,0,-3,-14,-10,3,5,9,6,7,2,3,0.0150148595965014
2016-02-21,6,3,5,2,-1,1,-2,5,0,8,-2,2,0,13,3,2,1,5,8,-1,2,9,0,2,7,-3,1,5,-12,3,0,0,1,-3,2,6,-2,5,1,1,9,40,4,7,0,1,12,6,-3,2,1,1,4,2,-1,0,-12,2,2,18,2,2,-2,-2,2,3,2,-6,2,0,1,1,-1,2,3,1,-31,4,-20,14,-6,4,-8,1,2,0,4,8,5,-1,0,-3,-2,-10,10,0,0.0218037977439582
2016-02-28,-4,5,-5,-1,-1,7,-1,2,2,-5,5,-1,-5,-18,4,-3,-1,-2,12,1,-2,6,-2,0,3,-4,1,-2,-7,2,1,0,-9,-1,4,1,1,-2,2,-6,6,-16,-3,-8,-1,-3,-4,-2,-2,-1,-1,0,-2,-3,-1,1,-3,-1,0,2,-1,0,-2,6,-2,-2,3,0,0,1,-4,1,0,-2,0,0,-10,-1,-1,-9,-4,-3,-2,1,0,-1,-4,-15,-5,2,-4,3,-1,0,-6,1,0.0120714810503539
2016-03-06,-4,-4,-11,4,-2,-10,0,-1,-1,-4,-2,-2,-1,12,-5,-2,0,0,-2,-5,-3,-2,0,-4,-6,3,-2,1,-2,-5,-4,1,-4,-1,-3,-3,0,-4,4,3,-10,-16,-6,0,-3,0,-9,-2,-1,-5,0,1,13,-6,-3,-3,-2,-2,1,-9,0,0,1,0,1,-3,2,1,-3,3,2,-1,-1,3,-2,-2,-3,0,3,5,2,1,2,-1,-1,16,1,1,5,2,0,4,2,-6,3,1,0.022346666144557
2016-03-13,-3,-5,-6,-5,0,0,-1,-13,-2,-7,6,-2,-4,-2,-5,-3,-2,-4,-5,0,2,-5,-2,4,-2,-1,3,-3,23,-1,1,-5,-2,-1,-3,1,-1,0,-3,0,-4,-3,3,-9,0,5,-1,0,0,-2,1,-1,-7,-2,0,2,1,-1,1,-4,-2,-2,-1,-3,4,-5,-2,4,-3,-2,-2,1,1,1,-4,1,0,-1,3,4,0,-1,3,-2,1,-14,-4,1,-2,-2,1,1,0,4,-19,-1,-0.00493025857527485
2016-03-20,3,-4,0,0,-1,-3,-3,-4,-4,-9,4,0,1,-2,-1,-3,-1,-4,-13,-5,-1,-10,-3,-3,-5,-3,-2,-2,-15,-9,0,-2,-1,1,-2,3,1,-2,-2,1,-7,-2,-7,2,-1,-2,3,-3,1,-4,0,-1,-8,-2,2,2,-2,3,-1,-4,-2,-1,1,3,-3,-9,-2,2,1,2,1,-4,-2,-3,0,-2,-4,3,0,-1,3,-1,-3,-1,-1,5,5,-4,5,0,2,-1,2,3,11,-1,0.0156917098386167
2016-03-27,4,6,2,0,1,8,2,1,0,14,-4,1,1,-2,5,5,1,1,-3,6,4,11,4,2,1,1,0,4,-4,6,5,3,2,-2,-1,5,-1,3,4,25,5,24,5,8,6,0,5,1,-1,3,1,3,2,2,0,-1,4,4,-1,-1,1,1,0,-2,0,3,3,-2,4,-2,1,1,2,2,2,2,2,-3,12,2,-1,2,-1,2,0,-9,-2,3,-5,6,1,3,-2,1,-6,3,-0.0122020640644198
2016-04-03,3,0,3,2,-1,-4,-3,10,2,4,3,3,4,14,2,3,-1,3,1,-1,-1,-2,0,4,8,0,1,1,7,4,-1,5,5,-1,2,2,-1,1,0,-26,10,-12,-1,4,-2,2,1,1,1,4,-1,-3,5,2,-2,4,2,-2,-4,-2,3,3,-1,-8,3,9,1,-3,0,4,-2,0,-1,2,-1,-2,3,0,-19,6,-2,-2,1,-1,1,15,-2,3,-6,-1,0,-1,0,-6,7,2,0.0180698488540756
2016-04-10,2,5,5,5,4,0,1,8,4,-1,-5,0,4,-1,1,14,0,2,-4,3,0,6,1,5,4,2,1,0,9,4,2,-2,14,2,2,1,0,3,0,1,7,1,6,2,1,1,7,2,-2,4,-1,2,12,12,-1,-3,2,4,3,2,1,1,0,6,0,2,0,0,-2,-4,4,2,2,-1,3,2,1,5,1,-10,0,3,6,2,0,-10,2,0,6,1,-2,2,0,5,2,3,0.00592121378476129
2016-04-17,-6,-1,-10,1,-4,0,1,-2,0,-4,3,1,-4,3,-3,-12,3,1,3,13,1,-5,-1,-6,-5,0,0,-2,3,-5,-5,-5,15,-1,-4,-3,1,-5,-1,-3,2,-3,-4,1,1,1,-12,-4,0,-2,1,2,-3,-8,2,-1,-3,-5,-6,-1,-1,-1,-1,0,-1,0,-2,0,-2,4,-2,-2,-1,4,-2,2,-1,-7,2,-3,-2,-2,0,-2,0,-3,0,-9,0,-4,-3,3,-2,-6,2,-10,-0.0128635735595655
2016-04-24,-2,1,20,1,1,-2,-2,-2,-3,4,8,-3,1,-5,5,-11,1,-2,0,-7,0,1,2,4,7,-1,0,-1,-6,1,-1,0,32,0,2,1,0,-1,-1,-2,-3,1,-3,-2,0,1,-5,5,2,3,0,-1,6,-13,-2,-1,6,-5,2,0,1,-2,1,-4,-3,-3,0,-2,0,-3,-3,0,0,-4,-1,-6,1,-2,-2,8,0,0,0,2,0,4,-2,1,13,2,1,0,0,0,-5,-4,-0.00185895833571692
2016-05-01,3,-3,-2,0,0,7,0,1,1,2,0,-1,-2,0,-6,-7,0,0,2,-6,0,3,-3,-1,1,-1,-2,-1,-11,-3,2,-4,-42,-1,-2,-4,-1,2,2,7,-2,-5,0,-1,1,-1,-6,-4,5,4,0,4,31,-1,-2,1,-5,2,3,1,-2,1,1,5,3,1,2,2,-1,-1,3,1,-1,-1,0,3,1,2,10,0,7,0,1,-3,0,-3,3,10,-16,1,0,1,0,1,-8,-7,-0.01164038714467
2016-05-08,-6,-3,-18,-7,-2,-4,0,-7,-5,-4,11,-2,-9,-6,-7,-1,-8,-4,-5,-4,0,-11,-1,-5,-10,-1,-3,0,-3,0,-1,1,-15,-1,-1,-2,0,0,1,3,-8,7,-4,-1,7,2,1,1,32,-8,0,-4,-2,-3,2,0,-4,2,-2,-2,-1,-1,-1,-4,3,-8,1,0,2,4,-2,0,1,2,0,-1,-1,-1,28,3,3,1,-4,1,-1,-1,-6,-4,0,3,0,7,3,5,-2,-1,-0.0019625879740115
2016-05-15,-4,-3,-4,-5,-1,-2,0,-1,0,-12,-13,2,-4,-4,-2,-1,2,2,-4,-12,-1,-8,0,-6,-4,3,3,-1,1,-3,4,-1,-9,0,-1,3,0,-1,-1,-2,-2,-7,2,-12,1,-3,-1,1,-12,-4,0,-2,-27,0,1,10,0,2,6,5,-2,-1,0,4,1,0,-4,1,-1,0,0,0,-1,3,2,6,-6,7,-37,-6,-4,-2,1,0,2,1,-3,0,-3,0,-1,-9,5,0,-2,2,0.0210489800174614
2016-05-22,-5,-8,-5,-4,0,0,0,-10,-5,-6,4,0,-4,-2,-3,-3,2,-3,-3,3,2,-4,-3,-2,-7,-1,0,0,-11,-6,-5,-1,-5,-2,0,-9,1,-5,-2,0,-10,-5,-12,-4,-4,-2,-1,-6,-13,-4,-1,-2,-10,0,-2,-6,0,-4,-5,-2,-3,-2,1,-1,-1,-10,-2,2,-2,0,0,-2,0,5,-4,-3,-3,-5,2,-5,0,1,-4,-2,0,5,-6,-7,1,0,0,2,0,0,-4,-3,-0.00370850394151745
2016-05-29,-6,-4,-11,-9,1,6,-4,-12,-4,-16,-4,-5,-3,-4,-7,-7,-5,-12,-1,-3,1,-5,-4,-9,-11,-1,-3,0,-15,-5,5,2,-4,-1,3,-1,-3,-3,-3,5,-6,-2,-3,-11,0,1,-3,-5,-5,-5,2,2,-8,-2,-1,8,2,-5,0,-2,-2,2,3,2,-2,1,-2,2,-7,5,-1,2,1,7,-4,2,-3,3,-2,1,5,-5,0,2,-1,-1,-2,-1,14,0,1,-1,-1,5,-7,-4,0.00326747559526552
2016-06-05,8,3,4,3,0,-4,4,-1,4,3,-1,0,2,-9,3,5,2,6,6,2,-1,8,10,7,1,-3,2,-1,15,-1,-4,-1,1,1,2,1,0,0,-1,-8,0,-3,9,2,-4,7,-2,0,-3,0,-1,-1,-10,-2,0,-10,-2,5,-5,-1,0,1,-2,-2,-1,-3,0,-3,5,-3,0,-1,-1,-6,4,1,12,1,1,-2,-7,3,0,0,0,-1,-1,0,-20,-3,-1,-3,-2,-4,-3,10,-0.0107022412869533
2016-06-12,0,-5,-3,2,0,1,-1,-9,-1,-9,-1,-1,0,2,-1,1,0,-2,-4,-6,0,-3,-5,-7,-10,-1,4,-3,-9,-4,2,-1,0,0,-2,2,1,-2,-6,-2,-1,0,-8,-3,-3,-4,-1,-3,-4,-5,1,-4,-3,-1,3,0,-1,2,12,-2,-1,-2,1,-1,-2,-4,-3,-1,0,-1,0,-1,0,1,-4,1,-11,-2,1,-2,8,0,-1,0,-1,3,11,2,8,-1,0,-7,-2,4,6,-10,-0.0156469641615811
2016-06-19,-2,0,-1,-7,0,-1,19,13,17,1,7,7,-2,-3,-2,-1,20,0,-2,0,-1,5,7,0,-5,2,-7,2,34,0,-3,3,2,21,3,1,11,-1,0,3,-14,1,-1,-4,6,2,2,2,4,-6,-1,3,-7,2,20,-1,0,-3,-2,3,-1,0,-1,5,0,1,1,2,-1,1,-1,3,0,5,5,1,3,2,19,31,-4,3,2,-2,0,-1,-16,20,0,-1,-3,0,0,0,-6,5,0.0310416602286523
2016-06-26,1,-1,-1,0,1,4,6,-8,-4,-5,-5,-1,-1,5,1,-2,-7,-2,0,2,3,9,1,1,-1,1,1,0,-24,0,5,-3,0,-4,-2,-4,-5,2,1,2,-1,-6,-2,3,-3,0,-2,-4,-4,0,1,-4,0,0,-4,2,15,2,-3,1,0,-2,3,2,3,4,11,1,1,7,2,2,1,4,2,1,-1,5,-21,-11,0,-2,-1,1,2,-6,2,-4,6,2,4,1,0,-1,2,-1,0.0109359741795991
2016-07-03,-7,-2,-3,-4,-1,-3,-23,-8,-11,-1,-6,-5,-7,2,-8,-5,-17,-2,2,7,0,-13,-13,-3,-4,-7,-3,-2,-11,-2,-2,-3,2,-16,-8,-2,-7,-5,-2,5,-5,8,-3,0,-4,-1,-1,0,0,-2,-2,2,3,-4,-13,-3,4,-8,6,0,-1,-2,-2,-3,2,-8,-12,5,-6,-2,-2,-4,-2,-10,-8,-2,-2,-6,7,-19,3,-6,1,-2,0,27,-2,-11,-11,1,1,0,1,3,-2,-8,0.0201740257980152
2016-07-10,10,4,1,1,0,2,6,1,9,0,-1,4,5,-3,5,7,10,2,1,0,-2,2,7,5,2,3,3,5,19,3,1,7,12,3,3,9,6,2,1,-8,4,-2,7,-2,1,0,1,6,1,2,-1,12,-4,2,-1,1,-19,9,-4,-1,-1,2,1,-5,-2,2,-1,-6,9,1,0,2,1,2,5,2,2,3,-11,8,4,6,-1,1,1,9,4,-1,3,4,2,0,-5,-6,-4,3,0.00292815706822225
